DROP TABLE IF EXISTS users;
CREATE TABLE IF NOT EXISTS users (
  id SERIAL NOT NULL,
  title VARCHAR(100) NOT NULL,
  name VARCHAR(100) NOT NULL,
  gender VARCHAR(10) NOT NULL,
  nin VARCHAR(20) NOT NULL,
  dob TIMESTAMP(0) WITH TIME ZONE NOT NULL,
  games VARCHAR(300) NULL,
  blood_type VARCHAR(100) NULL,
  car_id INT NULL,
  PRIMARY KEY (id));



DROP TABLE IF EXISTS user_contact;
CREATE TABLE IF NOT EXISTS user_contact (
  id SERIAL NOT NULL,
  user_id INT NOT NULL,
  phone_number VARCHAR(20) NOT NULL,
  email_address VARCHAR(100) NOT NULL,
  company_email_address VARCHAR(100) NULL,
  company_code VARCHAR(10) NULL,
  company_name VARCHAR(100) NULL,
  job_title VARCHAR(50) NULL,
  lorem TEXT NOT NULL,
  PRIMARY KEY (id),
  CONSTRAINT user_contact_fkey_user_id
    FOREIGN KEY (user_id)
    REFERENCES users (id));

CREATE INDEX user_contact_fkey_user_id_idx ON user_contact (user_id ASC);



DROP TABLE IF EXISTS user_address;
CREATE TABLE IF NOT EXISTS user_address (
  id SERIAL NOT NULL,
  user_id INT NOT NULL,
  state VARCHAR(100) NOT NULL,
  building_number VARCHAR(10) NOT NULL,
  city VARCHAR(100) NOT NULL,
  street_name VARCHAR(100) NOT NULL,
  post_code VARCHAR(10) NOT NULL,
  country VARCHAR(100) NOT NULL,
  latitude DECIMAL(10,6) NOT NULL,
  longitude DECIMAL(10,6) NOT NULL,
  PRIMARY KEY (id),
  CONSTRAINT user_address_fkey_user_id
    FOREIGN KEY (user_id)
    REFERENCES users (id));

CREATE INDEX user_address_fkey_user_id_idx ON user_address (user_id ASC);



DROP TABLE IF EXISTS transactions;
CREATE TABLE IF NOT EXISTS transactions (
  id SERIAL NOT NULL,
  user_id INT NOT NULL,
  item_name VARCHAR(100) NOT NULL,
  base_price INT NOT NULL,
  price INT NOT NULL,
  discount INT NOT NULL,
  tax INT NOT NULL,
  PRIMARY KEY (id),
  CONSTRAINT transactions_fkey_user_id
    FOREIGN KEY (user_id)
    REFERENCES users (id));

CREATE INDEX transactions_fkey_user_id_idx ON transactions (user_id ASC);



DROP TABLE IF EXISTS car_brand;
CREATE TABLE IF NOT EXISTS car_brand (
  id SERIAL NOT NULL,
  brand VARCHAR(100) NOT NULL,
  country VARCHAR(100) NOT NULL,
  PRIMARY KEY (id));



DROP TABLE IF EXISTS cars;
CREATE TABLE IF NOT EXISTS cars (
  id SERIAL NOT NULL,
  car_brand_id INT NOT NULL,
  name VARCHAR(100) NOT NULL,
  year INT NOT NULL,
  PRIMARY KEY (id),
  CONSTRAINT cars_fkey_car_brand_id
    FOREIGN KEY (car_brand_id)
    REFERENCES car_brand (id));

CREATE INDEX cars_fkey_car_brand_id_idx ON cars (car_brand_id ASC);



DROP TABLE IF EXISTS user_job;
CREATE TABLE IF NOT EXISTS user_job (
  id SERIAL NOT NULL,
  user_id INT NOT NULL,
  title VARCHAR(100) NOT NULL,
  salary INT NOT NULL,
  PRIMARY KEY (id),
  CONSTRAINT user_job_fkey_user_id
    FOREIGN KEY (user_id)
    REFERENCES users (id));

CREATE INDEX user_job_fkey_user_id_idx ON user_job (user_id ASC);

-- TABLE USERS
INSERT INTO users (id, title, name, gender, nin, dob, games, blood_type, car_id) VALUES (0, 'Ms.', 'Pearlie Miller', 'Female', '194284210', '1979-06-17', NULL, NULL, 26);
INSERT INTO users (id, title, name, gender, nin, dob, games, blood_type, car_id) VALUES (1, 'Ms.', 'Alysha Roob', 'Female', '518044989', '2000-11-17', NULL, 'AB-', NULL);
INSERT INTO users (id, title, name, gender, nin, dob, games, blood_type, car_id) VALUES (2, 'Ms.', 'Margret McClure', 'Female', '874566778', '1999-10-22', 'MilitaryMan', 'B-', 29);
INSERT INTO users (id, title, name, gender, nin, dob, games, blood_type, car_id) VALUES (3, 'Mr.', 'Maxwell Ward', 'Male', '162828737', '1999-03-30', 'HitNRUN, Welcome2Hell', NULL, NULL);
INSERT INTO users (id, title, name, gender, nin, dob, games, blood_type, car_id) VALUES (4, 'Ms.', 'Madilyn Ryan', 'Female', '782974591', '1990-01-13', 'SoulTaker, Bad2TheBone, 101WaysToMeetYourMaker, RipYourHeartOut', NULL, 22);
INSERT INTO users (id, title, name, gender, nin, dob, games, blood_type, car_id) VALUES (5, 'Ms.', 'Simone Senger', 'Female', '946223133', '1998-05-01', NULL, 'B+', 15);
INSERT INTO users (id, title, name, gender, nin, dob, games, blood_type, car_id) VALUES (6, 'Ms.', 'Allison Metz', 'Female', '234945798', '1987-12-17', NULL, NULL, 43);
INSERT INTO users (id, title, name, gender, nin, dob, games, blood_type, car_id) VALUES (7, 'Mr.', 'Adrain Gutmann', 'Male', '648076432', '2000-04-29', NULL, NULL, 4);
INSERT INTO users (id, title, name, gender, nin, dob, games, blood_type, car_id) VALUES (8, 'Mr.', 'Arnold Wisoky', 'Male', '584973088', '1971-03-01', 'DeathSquad, AcidAttack, SayHi2God, TheZodiac, HappyPurgeDay', NULL, 26);
INSERT INTO users (id, title, name, gender, nin, dob, games, blood_type, car_id) VALUES (9, 'Ms.', 'Jewell Jenkins', 'Female', '998923938', '2001-05-24', 'Molotov, Veteranofdeath, BloodyKnuckles, Molotov, OneShot', 'AB+', 2);
INSERT INTO users (id, title, name, gender, nin, dob, games, blood_type, car_id) VALUES (10, 'Mr.', 'Toni King', 'Male', '658870188', '1969-08-06', '101WaysToMeetYourMaker, BloodyKnuckles, SimplyTheBest, EatYourHeartOut, HappyKilling', 'O-', 4);
INSERT INTO users (id, title, name, gender, nin, dob, games, blood_type, car_id) VALUES (11, 'Mr.', 'Christophe Thompson', 'Male', '121065805', '1969-08-10', NULL, NULL, NULL);
INSERT INTO users (id, title, name, gender, nin, dob, games, blood_type, car_id) VALUES (12, 'Ms.', 'Orpha Mayer', 'Female', '464384223', '1969-04-10', '101WaysToMeetYourMaker, Molotov, ZodiacKiller, ZodiacKiller, SmilingSadist', 'AB-', 12);
INSERT INTO users (id, title, name, gender, nin, dob, games, blood_type, car_id) VALUES (13, 'Mr.', 'Xavier Walker', 'Male', '674067291', '1981-05-17', 'ZodiacKiller, Osamaisback, SemiAutomatic, TheKingIsDead', 'AB+', 47);
INSERT INTO users (id, title, name, gender, nin, dob, games, blood_type, car_id) VALUES (14, 'Mr.', 'Wilbert Schaden', 'Male', '921115908', '1988-04-03', NULL, NULL, NULL);
INSERT INTO users (id, title, name, gender, nin, dob, games, blood_type, car_id) VALUES (15, 'Mr.', 'Jerel Mante', 'Male', '946734202', '1968-07-01', NULL, 'AB-', 48);
INSERT INTO users (id, title, name, gender, nin, dob, games, blood_type, car_id) VALUES (16, 'Ms.', 'Anabelle Nader', 'Female', '659605634', '2000-05-07', NULL, NULL, 1);
INSERT INTO users (id, title, name, gender, nin, dob, games, blood_type, car_id) VALUES (17, 'Mr.', 'Narciso Hodkiewicz', 'Male', '502369238', '2000-06-25', NULL, 'A+', 48);
INSERT INTO users (id, title, name, gender, nin, dob, games, blood_type, car_id) VALUES (18, 'Mr.', 'Bartholome Morissette', 'Male', '147017181', '1979-03-02', NULL, NULL, 52);
INSERT INTO users (id, title, name, gender, nin, dob, games, blood_type, car_id) VALUES (19, 'Ms.', 'Cassandre Huels', 'Female', '279529526', '1999-01-08', 'HellNBack', NULL, NULL);
INSERT INTO users (id, title, name, gender, nin, dob, games, blood_type, car_id) VALUES (20, 'Mr.', 'Oren Kris', 'Male', '540571824', '1989-05-31', NULL, 'B-', 42);
INSERT INTO users (id, title, name, gender, nin, dob, games, blood_type, car_id) VALUES (21, 'Mr.', 'Danny Parisian', 'Male', '847430227', '1981-01-19', NULL, NULL, 44);
INSERT INTO users (id, title, name, gender, nin, dob, games, blood_type, car_id) VALUES (22, 'Ms.', 'Elsie Leuschke', 'Female', '782541808', '1981-05-01', 'ChopChop', NULL, NULL);
INSERT INTO users (id, title, name, gender, nin, dob, games, blood_type, car_id) VALUES (23, 'Mr.', 'Buster Jacobs', 'Male', '896614239', '1989-04-26', NULL, 'O-', 41);
INSERT INTO users (id, title, name, gender, nin, dob, games, blood_type, car_id) VALUES (24, 'Mr.', 'Johnny Walker', 'Male', '653443521', '1999-05-13', 'TakinOutThaTrash, HappyPurging, CantStopWontstop', NULL, 37);
INSERT INTO users (id, title, name, gender, nin, dob, games, blood_type, car_id) VALUES (25, 'Mr.', 'Noe Mann', 'Male', '871112970', '1999-07-07', NULL, NULL, 21);
INSERT INTO users (id, title, name, gender, nin, dob, games, blood_type, car_id) VALUES (26, 'Ms.', 'Rosie Gibson', 'Female', '217836064', '1980-06-22', 'BloodDrainer', 'O-', 49);
INSERT INTO users (id, title, name, gender, nin, dob, games, blood_type, car_id) VALUES (27, 'Mr.', 'Antone Schumm', 'Male', '919111641', '1998-04-23', NULL, NULL, 2);
INSERT INTO users (id, title, name, gender, nin, dob, games, blood_type, car_id) VALUES (28, 'Ms.', 'Destinee Cole', 'Female', '323384158', '1988-04-13', NULL, 'B-', 42);
INSERT INTO users (id, title, name, gender, nin, dob, games, blood_type, car_id) VALUES (29, 'Mr.', 'Dagmar Dicki', 'Male', '620504471', '1998-03-23', NULL, NULL, NULL);
INSERT INTO users (id, title, name, gender, nin, dob, games, blood_type, car_id) VALUES (30, 'Ms.', 'Margot Stroman', 'Female', '425665000', '1968-02-08', 'PR0_GGRAM3D, Sl4ught3r, SimplyTheBest', NULL, 23);
INSERT INTO users (id, title, name, gender, nin, dob, games, blood_type, car_id) VALUES (31, 'Mr.', 'Edison Bernhard', 'Male', '484312846', '1971-05-17', 'Killspree, CantStop', 'A+', 48);
INSERT INTO users (id, title, name, gender, nin, dob, games, blood_type, car_id) VALUES (32, 'Mr.', 'Ron Nicolas', 'Male', '252525016', '1981-07-19', 'Fastandfurious, SimplyTheBest', NULL, 13);
INSERT INTO users (id, title, name, gender, nin, dob, games, blood_type, car_id) VALUES (33, 'Mr.', 'Earnest Tillman', 'Male', '735704491', '1977-12-30', NULL, NULL, 32);
INSERT INTO users (id, title, name, gender, nin, dob, games, blood_type, car_id) VALUES (34, 'Ms.', 'Lora Sanford', 'Female', '983540607', '1967-10-30', 'JackTheRipper, TequilaSunrise, CantStopWontstop', 'AB-', 8);
INSERT INTO users (id, title, name, gender, nin, dob, games, blood_type, car_id) VALUES (35, 'Mr.', 'Jayden Sawayn', 'Male', '860010984', '1971-03-09', NULL, 'B-', 43);
INSERT INTO users (id, title, name, gender, nin, dob, games, blood_type, car_id) VALUES (36, 'Mr.', 'Ali Hessel', 'Male', '345440294', '1967-10-29', 'TakinOutThaTrash, TheExecutor, BestServedCold', 'B+', 51);
INSERT INTO users (id, title, name, gender, nin, dob, games, blood_type, car_id) VALUES (37, 'Ms.', 'Malvina Price', 'Female', '510644308', '2001-07-19', NULL, NULL, 39);
INSERT INTO users (id, title, name, gender, nin, dob, games, blood_type, car_id) VALUES (38, 'Mr.', 'Trace Kreiger', 'Male', '143728873', '1999-10-16', 'Dudemister', NULL, 41);
INSERT INTO users (id, title, name, gender, nin, dob, games, blood_type, car_id) VALUES (39, 'Mr.', 'Nico Schimmel', 'Male', '806434698', '1980-08-01', 'ShowMeUrguts, HellNBack', NULL, 43);
INSERT INTO users (id, title, name, gender, nin, dob, games, blood_type, car_id) VALUES (40, 'Ms.', 'Ardella McLaughlin', 'Female', '732194571', '1991-08-07', NULL, 'AB-', 49);
INSERT INTO users (id, title, name, gender, nin, dob, games, blood_type, car_id) VALUES (41, 'Mr.', 'Roy Botsford', 'Male', '253645430', '2001-02-27', 'Sl4ught3r, TheButcher, ManicLaughter, TheKingIsDead, PuppyDrowner', NULL, 2);
INSERT INTO users (id, title, name, gender, nin, dob, games, blood_type, car_id) VALUES (42, 'Mr.', 'Jermain Bode', 'Male', '933074396', '1978-01-07', NULL, 'B+', 22);
INSERT INTO users (id, title, name, gender, nin, dob, games, blood_type, car_id) VALUES (43, 'Mr.', 'Giuseppe Hessel', 'Male', '577764203', '1977-11-28', NULL, NULL, 50);
INSERT INTO users (id, title, name, gender, nin, dob, games, blood_type, car_id) VALUES (44, 'Mr.', 'Rudy Sawayn', 'Male', '939150288', '1998-05-18', NULL, 'B+', 24);
INSERT INTO users (id, title, name, gender, nin, dob, games, blood_type, car_id) VALUES (45, 'Mr.', 'Erin Eichmann', 'Male', '735928926', '2000-11-14', 'TheZodiac, PuppyDrowner, Overkill, CantStopWontstop', 'A-', 52);
INSERT INTO users (id, title, name, gender, nin, dob, games, blood_type, car_id) VALUES (46, 'Mr.', 'Leon Luettgen', 'Male', '408984056', '1999-05-26', 'TedBundyHandsome, BodySnatcher', NULL, 16);
INSERT INTO users (id, title, name, gender, nin, dob, games, blood_type, car_id) VALUES (47, 'Mr.', 'Bart Jaskolski', 'Male', '521897623', '1968-11-08', NULL, 'AB-', NULL);
INSERT INTO users (id, title, name, gender, nin, dob, games, blood_type, car_id) VALUES (48, 'Ms.', 'Laisha Homenick', 'Female', '169543687', '2000-12-09', 'CollateralDamage, HappyKilling', NULL, 36);
INSERT INTO users (id, title, name, gender, nin, dob, games, blood_type, car_id) VALUES (49, 'Mr.', 'Marcelino Paucek', 'Male', '655764959', '1980-02-28', NULL, 'B+', 34);
INSERT INTO users (id, title, name, gender, nin, dob, games, blood_type, car_id) VALUES (50, 'Mr.', 'Vladimir Smith', 'Male', '520203666', '1978-06-15', 'Grave, TheBully', 'B-', NULL);
INSERT INTO users (id, title, name, gender, nin, dob, games, blood_type, car_id) VALUES (51, 'Ms.', 'Tabitha Steuber', 'Female', '639529777', '1990-01-21', 'TequilaSunrise, SimplyTheBest, Shoot2Kill', NULL, 51);
INSERT INTO users (id, title, name, gender, nin, dob, games, blood_type, car_id) VALUES (52, 'Mr.', 'Emilio Lockman', 'Male', '181116385', '1998-02-01', NULL, 'A-', 8);
INSERT INTO users (id, title, name, gender, nin, dob, games, blood_type, car_id) VALUES (53, 'Mr.', 'Odell Welch', 'Male', '824764124', '2001-06-29', 'LocalBackStabber, Decapitator, KnuckleDuster, TheButcher, SharpKnives', NULL, NULL);
INSERT INTO users (id, title, name, gender, nin, dob, games, blood_type, car_id) VALUES (54, 'Ms.', 'Vita Smitham', 'Female', '489065192', '1998-10-23', NULL, 'A+', 38);
INSERT INTO users (id, title, name, gender, nin, dob, games, blood_type, car_id) VALUES (55, 'Ms.', 'Liliana Howe', 'Female', '132562706', '1990-08-08', NULL, 'AB+', 33);
INSERT INTO users (id, title, name, gender, nin, dob, games, blood_type, car_id) VALUES (56, 'Mr.', 'Narciso Abbott', 'Male', '362951539', '1981-07-14', NULL, NULL, 48);
INSERT INTO users (id, title, name, gender, nin, dob, games, blood_type, car_id) VALUES (57, 'Mr.', 'Davon Keeling', 'Male', '388895975', '1969-02-02', 'NoFun4U, SimplyTheBest, TequilaSunrise', NULL, 17);
INSERT INTO users (id, title, name, gender, nin, dob, games, blood_type, car_id) VALUES (58, 'Mr.', 'Carroll Brown', 'Male', '512341604', '1981-04-16', NULL, 'A-', 8);
INSERT INTO users (id, title, name, gender, nin, dob, games, blood_type, car_id) VALUES (59, 'Mr.', 'Lionel Hammes', 'Male', '434312729', '1981-05-06', NULL, 'AB-', 34);
INSERT INTO users (id, title, name, gender, nin, dob, games, blood_type, car_id) VALUES (60, 'Ms.', 'Ashley Schuster', 'Female', '820470769', '1978-03-30', NULL, 'A+', NULL);
INSERT INTO users (id, title, name, gender, nin, dob, games, blood_type, car_id) VALUES (61, 'Ms.', 'Mina Huel', 'Female', '979633444', '1988-10-20', NULL, NULL, 2);
INSERT INTO users (id, title, name, gender, nin, dob, games, blood_type, car_id) VALUES (62, 'Mr.', 'Mario Feest', 'Male', '180836005', '1988-05-13', NULL, NULL, 48);
INSERT INTO users (id, title, name, gender, nin, dob, games, blood_type, car_id) VALUES (63, 'Ms.', 'Elenor Mills', 'Female', '130812839', '1968-10-28', 'MustardGas, 9mm, RiotStarter, TequilaSunrise', 'A-', 29);
INSERT INTO users (id, title, name, gender, nin, dob, games, blood_type, car_id) VALUES (64, 'Mr.', 'Corbin Rau', 'Male', '867239384', '1980-10-17', 'HappyPurging, Overkill, Molotov, ToySoldier', NULL, 38);
INSERT INTO users (id, title, name, gender, nin, dob, games, blood_type, car_id) VALUES (65, 'Ms.', 'Nayeli McGlynn', 'Female', '786183635', '1980-12-29', 'RiotStarter', 'B+', 26);
INSERT INTO users (id, title, name, gender, nin, dob, games, blood_type, car_id) VALUES (66, 'Ms.', 'Beaulah Friesen', 'Female', '880191220', '1978-12-15', NULL, 'A+', 18);
INSERT INTO users (id, title, name, gender, nin, dob, games, blood_type, car_id) VALUES (67, 'Ms.', 'Stefanie Blick', 'Female', '981758418', '1970-07-02', 'NoMercy4TheWeak, SharpKnives, Born2Kill, MiseryInducing, RiotStarter', NULL, 15);
INSERT INTO users (id, title, name, gender, nin, dob, games, blood_type, car_id) VALUES (68, 'Ms.', 'Polly Mante', 'Female', '335175407', '1968-01-14', 'BloodyKnuckles', NULL, 7);
INSERT INTO users (id, title, name, gender, nin, dob, games, blood_type, car_id) VALUES (69, 'Ms.', 'Kelli Bartoletti', 'Female', '862885579', '1987-12-05', 'Tearsofjoy, Avenged, Born2Kill, BodySnatcher, TheZealot', NULL, NULL);
INSERT INTO users (id, title, name, gender, nin, dob, games, blood_type, car_id) VALUES (70, 'Mr.', 'Jared Medhurst', 'Male', '249245418', '1988-07-21', 'NoFun4U, Welcome2Hell, TheBully, LocalGrimReaper', 'B-', 40);
INSERT INTO users (id, title, name, gender, nin, dob, games, blood_type, car_id) VALUES (71, 'Mr.', 'Travis Leuschke', 'Male', '173475493', '1999-12-11', NULL, NULL, 1);
INSERT INTO users (id, title, name, gender, nin, dob, games, blood_type, car_id) VALUES (72, 'Mr.', 'Fredy Barrows', 'Male', '324573952', '1988-10-28', NULL, NULL, NULL);
INSERT INTO users (id, title, name, gender, nin, dob, games, blood_type, car_id) VALUES (73, 'Ms.', 'Selena Glover', 'Female', '555094575', '1979-12-01', 'PetrolBomb, HappyPurging, PetrolBomb', 'O+', NULL);
INSERT INTO users (id, title, name, gender, nin, dob, games, blood_type, car_id) VALUES (74, 'Mr.', 'Jensen Predovic', 'Male', '492961247', '1998-07-21', 'Bad2TheBone, RiotStarter, RiotStarter', 'AB-', 21);
INSERT INTO users (id, title, name, gender, nin, dob, games, blood_type, car_id) VALUES (75, 'Mr.', 'Cooper Zulauf', 'Male', '939843916', '1999-12-26', 'Shoot2Kill, TequilaSunrise, PuppyDrowner', NULL, 6);
INSERT INTO users (id, title, name, gender, nin, dob, games, blood_type, car_id) VALUES (76, 'Mr.', 'Garrett Ankunding', 'Male', '757313721', '2000-04-29', NULL, 'AB-', 4);
INSERT INTO users (id, title, name, gender, nin, dob, games, blood_type, car_id) VALUES (77, 'Ms.', 'Lelia Christiansen', 'Female', '826926101', '1971-07-01', '9mm, SimplyTheBest, BloodyKnuckles, KnuckleBreaker', NULL, 41);
INSERT INTO users (id, title, name, gender, nin, dob, games, blood_type, car_id) VALUES (78, 'Ms.', 'Karen Kovacek', 'Female', '400919086', '1987-11-27', 'SayHi2God', 'AB-', 9);
INSERT INTO users (id, title, name, gender, nin, dob, games, blood_type, car_id) VALUES (79, 'Ms.', 'Athena Tremblay', 'Female', '623068028', '1999-07-11', NULL, 'O-', 36);
INSERT INTO users (id, title, name, gender, nin, dob, games, blood_type, car_id) VALUES (80, 'Ms.', 'Dolores King', 'Female', '963970582', '1990-11-14', NULL, 'O-', NULL);
INSERT INTO users (id, title, name, gender, nin, dob, games, blood_type, car_id) VALUES (81, 'Mr.', 'Rolando Hackett', 'Male', '499294259', '1987-12-29', NULL, NULL, NULL);
INSERT INTO users (id, title, name, gender, nin, dob, games, blood_type, car_id) VALUES (82, 'Mr.', 'Jairo Kiehn', 'Male', '435843862', '1989-04-01', 'LoneAssailant, SimplyTheBest, Avenged', 'AB-', 8);
INSERT INTO users (id, title, name, gender, nin, dob, games, blood_type, car_id) VALUES (83, 'Ms.', 'Kenyatta Stamm', 'Female', '557023213', '1991-03-17', NULL, NULL, 47);
INSERT INTO users (id, title, name, gender, nin, dob, games, blood_type, car_id) VALUES (84, 'Mr.', 'Bernhard Thiel', 'Male', '468943730', '1991-06-21', 'DreamHaunter, 9mm, Talklesswinmore', 'A+', 17);
INSERT INTO users (id, title, name, gender, nin, dob, games, blood_type, car_id) VALUES (85, 'Mr.', 'Karson Ullrich', 'Male', '778291056', '1978-03-30', NULL, NULL, 9);
INSERT INTO users (id, title, name, gender, nin, dob, games, blood_type, car_id) VALUES (86, 'Ms.', 'Samara Fahey', 'Female', '218842220', '1998-01-22', 'Fastandfurious, EatYourHeartOut, TheZealot, Guillotine, SmokinAces', 'A+', 16);
INSERT INTO users (id, title, name, gender, nin, dob, games, blood_type, car_id) VALUES (87, 'Mr.', 'Jennings Rogahn', 'Male', '303972558', '1990-07-13', NULL, 'A+', 47);
INSERT INTO users (id, title, name, gender, nin, dob, games, blood_type, car_id) VALUES (88, 'Ms.', 'Icie Heathcote', 'Female', '972158804', '2000-03-12', NULL, NULL, 9);
INSERT INTO users (id, title, name, gender, nin, dob, games, blood_type, car_id) VALUES (89, 'Ms.', 'Ona Klocko', 'Female', '414940308', '1999-03-06', NULL, NULL, 41);
INSERT INTO users (id, title, name, gender, nin, dob, games, blood_type, car_id) VALUES (90, 'Ms.', 'Palma Stanton', 'Female', '536866397', '1978-06-05', 'BodySnatcher', NULL, 7);
INSERT INTO users (id, title, name, gender, nin, dob, games, blood_type, car_id) VALUES (91, 'Mr.', 'Chesley Bode', 'Male', '654717530', '1968-04-15', 'CollateralDamage, StreetSweeper, Knuckles, HappyPurgeDay', 'A-', NULL);
INSERT INTO users (id, title, name, gender, nin, dob, games, blood_type, car_id) VALUES (92, 'Mr.', 'Faustino Goldner', 'Male', '813562345', '1980-05-10', 'Born2Kill, Sl4ught3r, EatYourHeartOut, meat, Knuckles', 'AB-', 28);
INSERT INTO users (id, title, name, gender, nin, dob, games, blood_type, car_id) VALUES (93, 'Mr.', 'Janick Boyer', 'Male', '100024062', '1970-12-13', 'MiseryInducing, SmilingSadist, HappyKilling, CantStopWontstop', 'AB-', NULL);
INSERT INTO users (id, title, name, gender, nin, dob, games, blood_type, car_id) VALUES (94, 'Mr.', 'Consuelo Douglas', 'Male', '125608021', '1978-03-17', NULL, 'A+', 24);
INSERT INTO users (id, title, name, gender, nin, dob, games, blood_type, car_id) VALUES (95, 'Mr.', 'Isaias Price', 'Male', '531449210', '1999-06-17', NULL, 'O+', 18);
INSERT INTO users (id, title, name, gender, nin, dob, games, blood_type, car_id) VALUES (96, 'Ms.', 'Rebeca Lowe', 'Female', '441632664', '1971-01-04', 'MiseryInducing, StreetSweeper, SemiAutomatic', 'B-', 44);
INSERT INTO users (id, title, name, gender, nin, dob, games, blood_type, car_id) VALUES (97, 'Ms.', 'Mozell Gibson', 'Female', '654652742', '1990-11-21', 'Getoutofmyway, VagaBond, SoulTaker, HappyPurgeDay', 'AB-', NULL);
INSERT INTO users (id, title, name, gender, nin, dob, games, blood_type, car_id) VALUES (98, 'Ms.', 'Marcelle Rutherford', 'Female', '902889892', '1978-05-26', NULL, NULL, 46);
INSERT INTO users (id, title, name, gender, nin, dob, games, blood_type, car_id) VALUES (99, 'Ms.', 'Annalise Skiles', 'Female', '559662757', '1997-11-02', 'Ebola, Tearsofjoy, T3rr0r1st', 'B+', 29);




-- TABLE USER CONTACT
INSERT INTO user_contact (id, user_id, phone_number, email_address, company_email_address, company_code, company_name, job_title, lorem) VALUES (0, 0, '6289359372326', 'stephan.anderson@nev.com', NULL, NULL, NULL, NULL, 'sed aut voluptatibus placeat rerum nemo et molestias laudantium blanditiis culpa numquam id qui ipsum voluptate ab et quos aut odio pariatur omnis vel suscipit ea reprehenderit quos debitis sit velit ut perferendis reiciendis ut eveniet eum ea beatae voluptatem sit vitae possimus excepturi totam et voluptatibus suscipit et explicabo ut natus perspiciatis distinctio quo voluptas non aspernatur recusandae. alias illum ducimus deleniti rerum repudiandae magnam rerum laborum quis possimus recusandae accusantium ut dolorem quis nesciunt voluptatem autem aut voluptatem eligendi explicabo et rem quos repudiandae sapiente dolores ut accusantium quo beatae qui occaecati eos ducimus praesentium voluptatem voluptatibus praesentium nihil molestiae optio optio nisi nemo adipisci molestiae quod sit ducimus nam voluptas et veritatis accusantium ut quos deleniti provident alias dolorem sed quasi aliquam omnis est earum ea sed possimus id nemo consequatur soluta ex eum quo numquam ducimus aut est numquam soluta nulla id reiciendis voluptatem atque placeat iusto beatae.');
INSERT INTO user_contact (id, user_id, phone_number, email_address, company_email_address, company_code, company_name, job_title, lorem) VALUES (1, 1, '6283476005384', 'johnson.halvorson@mzs.info', 'turcotte@rohan_rohan_and_rohan.msr.com', '370', 'Stark-Stark', 'Shuttle Car Operator', 'dolorum praesentium consequatur praesentium harum ut perspiciatis quas iure voluptates cum eligendi illo ex corporis cupiditate aut odio corporis deserunt debitis nisi quibusdam officia adipisci et doloribus magnam atque dolorem aspernatur aut qui voluptas temporibus temporibus nisi nihil sint dolorum porro consequatur odit ut saepe nemo et qui facere et eum excepturi odit sint quaerat voluptas debitis sit cumque adipisci rerum ipsum earum iure esse sit labore enim molestiae aliquam aperiam eos nihil incidunt autem alias rerum provident. impedit dolorem mollitia optio et iste aut qui est ad dolores sed possimus dolore aut culpa sit ad rem sed laudantium quae voluptas voluptatem et autem pariatur aliquam numquam aut omnis quia aut voluptates et doloremque labore labore vero id quasi est nemo voluptas asperiores.');
INSERT INTO user_contact (id, user_id, phone_number, email_address, company_email_address, company_code, company_name, job_title, lorem) VALUES (2, 2, '6287634502001', 'dickens.kelsi@mqr.biz', 'kunde@satterfield-satterfield.nuq.info', '500', 'Bergstrom Inc', 'Airfield Operations Specialist', 'sapiente doloremque est inventore impedit sunt est dignissimos non blanditiis officiis laborum odit est commodi repellendus voluptate nihil ipsum et ut sint odio ipsa nihil voluptatem expedita consectetur omnis esse id illum suscipit provident eos iste consectetur omnis ratione dolorem doloribus fugit exercitationem laborum et commodi ullam ratione unde laudantium quaerat sit voluptatibus cum nisi voluptas consequatur in qui accusamus impedit expedita porro nisi architecto ut beatae aut sapiente et maiores. non similique blanditiis voluptatem error architecto odio ullam non est qui nostrum deleniti beatae omnis dolore esse dolorem et consequatur dolore enim iusto quis quam necessitatibus laudantium reprehenderit a maiores voluptates ipsum non quia voluptatem repudiandae dolor qui earum sequi accusamus dolor delectus quaerat sint ipsam ut omnis temporibus laboriosam placeat nulla dolorem cupiditate incidunt quidem sit omnis sed aliquid illo similique voluptatem ipsam non consequatur iusto dolore minima delectus ullam et pariatur voluptatem officiis qui id eum.');
INSERT INTO user_contact (id, user_id, phone_number, email_address, company_email_address, company_code, company_name, job_title, lorem) VALUES (3, 3, '6285884327357', 'mckenzie@eme.net', 'heaney@ruecker_ruecker_and_ruecker.fon.org', '660', 'Thiel PLC', 'Inspector', 'dolorem autem officia provident molestias aut neque porro aut similique voluptatem atque odio aperiam odio explicabo. aperiam assumenda illum rem doloribus consectetur vitae eum magni sint quis at quis dolor qui sit atque hic et est est velit possimus aliquid et odit amet eligendi voluptate provident quaerat natus atque dignissimos quod nesciunt quas qui impedit maxime qui eaque eaque totam quaerat optio cumque hic enim non veritatis provident pariatur eveniet earum ea praesentium incidunt reiciendis dolor aut nisi dolorum repellat et voluptatum nam et dolor eum sit velit sit quia ut dolor qui error tempora unde reiciendis quae quo voluptas et nihil iure error repellendus.');
INSERT INTO user_contact (id, user_id, phone_number, email_address, company_email_address, company_code, company_name, job_title, lorem) VALUES (4, 4, '6284674218804', 'julianne.cremin@ayc.com', 'breana@anderson_ltd.cem.com', '950', 'Lowe LLC', 'Secretary', 'facilis voluptatem debitis aliquam non et et illo voluptates vero commodi cumque earum suscipit voluptatibus molestiae tempore dolorum aspernatur itaque nesciunt sint laboriosam enim aut nulla assumenda a saepe rerum ad id voluptas consequuntur blanditiis et perspiciatis eius rem non et libero accusamus qui alias molestiae officia reprehenderit unde blanditiis porro molestias voluptatem consequatur consequuntur debitis quaerat incidunt sunt harum recusandae expedita non qui est quo recusandae quas nihil in possimus. voluptates rerum voluptatem dignissimos dicta est eius ducimus at perspiciatis in ducimus illo voluptatem et explicabo et aliquid voluptatem nulla reprehenderit possimus cumque at nostrum rerum natus aspernatur labore error similique quo voluptas autem qui voluptatem dicta quis inventore excepturi sunt necessitatibus sit.');
INSERT INTO user_contact (id, user_id, phone_number, email_address, company_email_address, company_code, company_name, job_title, lorem) VALUES (5, 5, '6286211921386', 'kemmer.wilmer@uzp.com', NULL, NULL, NULL, NULL, 'fugit earum optio temporibus distinctio voluptas itaque reprehenderit est perferendis maiores non modi consequatur minus. quasi dolorum provident sed laborum quibusdam incidunt consequatur est eum quas mollitia nisi officiis molestiae quia quas est sunt voluptas quibusdam odit omnis voluptate.');
INSERT INTO user_contact (id, user_id, phone_number, email_address, company_email_address, company_code, company_name, job_title, lorem) VALUES (6, 6, '6282171423214', 'lang.spencer@yahoo.com', 'marks@rowe_ltd.xqm.net', '390', 'Tillman LLC', 'License Clerk', 'rerum omnis facilis laborum rerum earum aut at voluptas deleniti eos et omnis et consequatur quis adipisci a dolorum aspernatur quae eveniet cumque praesentium minima explicabo dolorum ea vel veniam eos hic provident est nihil soluta inventore magnam et non odit dolor libero ipsam iusto culpa quis rem id odio voluptatem voluptatum quaerat dolor perspiciatis atque illum in dolores et molestiae qui nostrum alias aliquam magni dolor nihil inventore. delectus blanditiis id autem iure et dolor et dignissimos esse possimus ut quia vero ut dolorem veritatis voluptatem aut laboriosam nisi dolorem tempora est reprehenderit et consequatur quo culpa hic eos quia sequi qui molestiae earum deserunt asperiores assumenda et odio dolore atque accusamus sapiente voluptatem cum totam.');
INSERT INTO user_contact (id, user_id, phone_number, email_address, company_email_address, company_code, company_name, job_title, lorem) VALUES (7, 7, '6288658590828', 'jerad.schmeler@yahoo.com', 'kuvalis.juana@crooks_crooks_and_crooks.gkp.com', '400', 'Cole-Cole', 'Stock Broker', 'quisquam hic sed eum similique nam cum aliquid veniam dolore dolores corporis eaque veritatis at incidunt molestias sit voluptas alias sint exercitationem. iure illo eaque dolor amet dolorum nam commodi rerum dignissimos ratione cupiditate facilis et dicta velit delectus nesciunt non accusantium qui et aliquam eos iure culpa dolores illo animi dolor excepturi molestiae repellendus aut totam consequuntur iste est non eligendi magnam nihil qui incidunt possimus a architecto temporibus omnis veniam eum aut est eos sunt ad molestiae adipisci quibusdam neque dolor aperiam enim doloribus qui eligendi nihil.');
INSERT INTO user_contact (id, user_id, phone_number, email_address, company_email_address, company_code, company_name, job_title, lorem) VALUES (8, 8, '6283605518007', 'reyes.herman@yahoo.com', 'mante.tyson@becker-becker.fod.biz', '280', 'Tillman LLC', 'Veterinarian', 'rerum sequi esse totam quaerat hic eum vero optio odit quibusdam temporibus sed necessitatibus ut quo eaque autem est ut vel est tempora qui aut est non deserunt eum qui et ea beatae numquam dolores repellat nihil atque harum eum exercitationem amet cum dolores non nisi aliquid quo consectetur magni asperiores earum est accusantium pariatur modi atque temporibus nostrum doloremque facere placeat modi in unde labore nihil ipsam recusandae. ad dicta qui est iusto reiciendis mollitia consequatur aperiam distinctio fugiat numquam totam asperiores vel officiis sint nemo aut nemo asperiores magni voluptas dolores corrupti id eum saepe voluptatem qui laudantium deserunt animi in soluta est numquam sint dolore assumenda autem ut provident sapiente illum voluptas omnis inventore aut qui vero aspernatur animi ipsam qui ratione magni eaque aut rerum perspiciatis voluptatem atque voluptatem illum dicta perspiciatis fugit aut vel et id reprehenderit corporis repellendus quis.');
INSERT INTO user_contact (id, user_id, phone_number, email_address, company_email_address, company_code, company_name, job_title, lorem) VALUES (9, 9, '6289945064317', 'renner.rey@gmail.com', 'alaina@nienow-nienow.ygq.biz', '900', 'Muller and Sons', 'Steel Worker', 'quidem minus et quo labore voluptatum quos et distinctio sapiente fugit nihil nemo expedita dolore itaque asperiores error libero hic autem neque odit quod illum autem expedita. id ad eligendi dolores qui illo laboriosam sit optio doloribus voluptas exercitationem quibusdam.');
INSERT INTO user_contact (id, user_id, phone_number, email_address, company_email_address, company_code, company_name, job_title, lorem) VALUES (10, 10, '6280251182916', 'davion@hotmail.com', NULL, NULL, NULL, NULL, 'ab corporis et minima earum voluptatem iusto ea saepe modi facere aliquid aperiam provident perspiciatis explicabo cumque rerum suscipit quo a eos quod id quibusdam possimus aut fugiat corrupti occaecati labore quia nihil et explicabo aut rerum fugit expedita excepturi deserunt consequuntur atque hic dolor velit sunt a enim quasi perferendis soluta excepturi neque officiis quia voluptatibus sint et aut et labore minima et deserunt exercitationem perspiciatis suscipit est dicta asperiores nostrum et possimus ut ut doloremque et ab occaecati vitae non et ut et et. sit quae velit ipsam molestias ducimus facere quaerat maxime delectus dignissimos quaerat repellat aliquam aut nihil quos sint sed dolorem corrupti debitis quasi tenetur placeat consequuntur omnis aut quia beatae aut architecto enim voluptatem est necessitatibus perspiciatis dolores ut et sunt voluptas vel vel cumque est amet tenetur exercitationem explicabo est repellat architecto aspernatur aut et dicta fugiat fugit rem mollitia aut et iste natus dolore.');
INSERT INTO user_contact (id, user_id, phone_number, email_address, company_email_address, company_code, company_name, job_title, lorem) VALUES (11, 11, '6288059727544', 'casper@yahoo.com', 'winifred@cronin_cronin_and_cronin.mgb.com', '510', 'Thompson PLC', 'Retail Salesperson', 'quia voluptatibus consectetur harum necessitatibus quo atque numquam optio nisi eligendi eos et nemo porro accusantium ut voluptates provident vel voluptas repellendus sint eaque sed et laboriosam qui autem fugiat occaecati blanditiis aliquid numquam qui culpa cumque rerum sit magnam ut qui quia doloremque ut velit iure corporis enim delectus ut eaque hic quis qui veritatis architecto ipsa et enim tenetur perferendis quos voluptatem illo. atque dolorem similique distinctio velit possimus quia assumenda veniam et sit dolor quasi ratione ut voluptatem eaque pariatur ducimus qui ab labore corrupti aut culpa recusandae animi rerum voluptas aut ut cumque dolorem voluptas fuga fugit rerum sunt porro ut unde labore quasi enim culpa.');
INSERT INTO user_contact (id, user_id, phone_number, email_address, company_email_address, company_code, company_name, job_title, lorem) VALUES (12, 12, '6287115250090', 'neoma@xml.com', 'barton@o_hara_and_sons.uhz.com', '970', 'O"Hara-O"Hara', 'Eligibility Interviewer', 'perspiciatis dolores in aperiam id enim quasi accusamus voluptates a maiores dolore est temporibus recusandae qui laborum minima ut eos soluta ea accusamus similique sapiente in culpa explicabo soluta et a nemo animi illo voluptas consequuntur commodi aut at commodi est ipsam omnis doloremque doloremque nobis amet eos rerum quisquam nemo qui maiores sit eum. voluptas commodi id autem nihil odit suscipit enim tenetur alias et voluptas facilis et exercitationem tempore ratione cum excepturi est laudantium mollitia natus nam quo corporis aut omnis voluptate rerum dignissimos asperiores beatae autem optio est voluptatem eius corrupti qui veniam eos tempore omnis cum voluptate nemo repellendus iusto non praesentium nihil exercitationem doloribus fugit molestias atque nihil adipisci omnis est earum omnis unde consequatur et porro sapiente qui iure vero nihil recusandae modi culpa aut saepe dolores autem quia consectetur sunt quia porro velit voluptatum eaque eos omnis quo sit ratione quia ad exercitationem sed dolorum.');
INSERT INTO user_contact (id, user_id, phone_number, email_address, company_email_address, company_code, company_name, job_title, lorem) VALUES (13, 13, '6280209239442', 'florida@gmail.com', 'leuschke@miller_miller_and_miller.ibs.net', '590', 'Lueilwitz-Lueilwitz', 'Patternmaker', 'deserunt cumque voluptas unde maiores maxime qui sit autem consequatur ipsa quam ipsum ea hic et asperiores doloremque quibusdam assumenda excepturi et non deleniti quia non ut laudantium dolorem veniam dolorem sit fuga autem placeat qui sequi officia. eum similique in expedita aspernatur cumque nihil nesciunt at numquam doloribus et soluta sed cumque porro ut ipsa sint molestiae quos beatae modi sint tenetur aut qui hic voluptas quo dolorem accusamus fuga asperiores alias nam perferendis reprehenderit tenetur officia possimus blanditiis explicabo omnis dicta sunt maiores natus quia id non necessitatibus minus veniam suscipit quae sunt voluptas possimus porro iste laboriosam qui accusantium omnis possimus officia maiores iusto aut omnis dolores porro consequatur eveniet qui quo autem itaque placeat possimus assumenda inventore blanditiis laboriosam.');
INSERT INTO user_contact (id, user_id, phone_number, email_address, company_email_address, company_code, company_name, job_title, lorem) VALUES (14, 14, '6285740691019', 'shanahan.carmella@orx.info', 'lura.stiedemann@beer-beer.hco.com', '550', 'Gusikowski Ltd', 'Refinery Operator', 'qui expedita eius est et quae dolorem ipsum laboriosam iusto eveniet placeat explicabo dignissimos ratione nobis et quidem qui non dolores voluptate quam magnam facilis voluptas earum aut id deleniti non quo at et et quaerat sequi ipsa id quia est nihil omnis ipsa et dolor quia ut qui et eos dolores quam rem illum aliquid vero voluptas iure nihil incidunt veniam quidem a officiis possimus porro sit numquam error consequuntur omnis vitae est cum. cumque hic inventore at praesentium qui corporis sit voluptate ut iusto corrupti aperiam fugit earum vitae nostrum optio nihil eius.');
INSERT INTO user_contact (id, user_id, phone_number, email_address, company_email_address, company_code, company_name, job_title, lorem) VALUES (15, 15, '6287753086772', 'melisa@ubt.com', NULL, NULL, NULL, NULL, 'quis quia aut in quas quibusdam beatae et quidem magnam molestias vero et eos omnis unde est aut tenetur non dolor blanditiis repellat ex dolores dolore quo tempore non fuga sit qui quod a possimus vitae saepe inventore voluptas aut dolorum tempora voluptatem eum velit ullam nesciunt maiores et perferendis rerum molestias velit rem quos est quod numquam dolorem culpa optio doloremque minima eos dolor et rerum rerum saepe non eius. deleniti magni omnis ea magnam ducimus accusantium omnis non mollitia soluta non quia autem repellendus repellendus laudantium.');
INSERT INTO user_contact (id, user_id, phone_number, email_address, company_email_address, company_code, company_name, job_title, lorem) VALUES (16, 16, '6285090977185', 'batz@qpo.com', 'max.sanford@wuckert-wuckert.bxx.com', '960', 'Johnston, Johnston and Johnston', 'Precision Devices Inspector', 'at voluptatibus quibusdam atque molestiae animi corrupti cum quibusdam iusto autem et perspiciatis optio ullam reprehenderit voluptas voluptatem consequatur omnis atque ut soluta dolor quibusdam rerum ut ullam consectetur soluta et nulla doloremque ducimus neque omnis ut quia delectus officiis minima natus rerum nesciunt vel sed dicta voluptates explicabo aspernatur voluptatem magnam voluptas unde eius ipsum ut quis quasi voluptatum qui est voluptate et inventore alias et voluptatibus perferendis est est nulla animi porro perspiciatis laudantium et voluptas id quia. ut nemo odit et quod accusamus illum porro vero impedit ad corrupti.');
INSERT INTO user_contact (id, user_id, phone_number, email_address, company_email_address, company_code, company_name, job_title, lorem) VALUES (17, 17, '6282990910622', 'laurianne@edp.net', 'stanton@bogan_bogan_and_bogan.mgg.com', '400', 'Hirthe-Hirthe', 'Mechanical Drafter', 'ipsum et consectetur impedit quia similique sequi velit enim voluptas numquam delectus ipsa qui et sed consequatur earum voluptas eaque adipisci sed dolore quo alias sunt natus aperiam quaerat libero fugit eveniet dolorum ducimus quasi sed et aliquam fuga voluptas nisi rerum accusantium sapiente possimus nobis qui voluptatem reprehenderit quia officia quo nisi qui culpa fugit quam. illum animi et id excepturi est ea molestiae reprehenderit non corrupti cumque sed aliquid aliquid a quis eos reiciendis corporis corporis dolor maxime nihil iusto cupiditate facilis perspiciatis voluptas qui vel eius blanditiis nobis saepe eos rerum blanditiis excepturi.');
INSERT INTO user_contact (id, user_id, phone_number, email_address, company_email_address, company_code, company_name, job_title, lorem) VALUES (18, 18, '6286473726529', 'quigley@ppx.info', 'claudine.ryan@schmeler_llc.sig.org', '700', 'Spinka-Spinka', 'Glazier', 'vel qui occaecati magnam quia assumenda ut facere deleniti debitis in reiciendis repellendus culpa quia ipsam esse et laudantium laudantium qui vitae omnis maxime et maiores libero similique iusto et cum magni distinctio beatae minus tempore sed sit culpa sequi est ut vel autem porro temporibus maiores cum repellendus unde sed pariatur quo libero rerum aut unde fuga consequuntur non ex itaque alias quasi officiis sunt ipsa eius dignissimos est magni explicabo minima et est tenetur atque temporibus harum ipsum et rerum sint voluptatem. accusamus et non iure reprehenderit fuga modi commodi quos consequatur veritatis in temporibus aut laboriosam dolores.');
INSERT INTO user_contact (id, user_id, phone_number, email_address, company_email_address, company_code, company_name, job_title, lorem) VALUES (19, 19, '6288853996703', 'judah.hahn@yahoo.com', 'nia.sauer@marvin_plc.rdo.net', '330', 'Lehner, Lehner and Lehner', 'Rotary Drill Operator', 'in qui et rerum omnis et tempora qui ut quas sunt doloribus quis et dolor eius eum praesentium perferendis molestias quis tempora. fugit corporis accusamus et ratione et sed itaque eum neque ipsam nam dignissimos tenetur rerum molestias repellendus dolorem excepturi sed a est quis nesciunt dolore excepturi sit consectetur doloremque porro rem fugiat ut beatae occaecati iure et ex dolorem et rerum et eum nostrum rem ut modi dicta in officia eaque nisi temporibus et rerum voluptatibus saepe reiciendis aut est non rerum corrupti a ab repellendus accusantium beatae explicabo modi.');
INSERT INTO user_contact (id, user_id, phone_number, email_address, company_email_address, company_code, company_name, job_title, lorem) VALUES (20, 20, '6288634848746', 'white.janessa@yahoo.com', NULL, NULL, NULL, NULL, 'aut consequatur illo vero ea incidunt omnis et magnam velit laboriosam minus alias quae a et voluptas occaecati ea ut libero eum eos totam at quibusdam modi temporibus maiores quo aut sunt velit molestiae perspiciatis recusandae ea accusamus aliquam labore et voluptatem eum autem architecto quaerat dolores illo magnam dicta voluptas dolor alias aperiam ipsa voluptates et dignissimos distinctio consequuntur voluptatibus cumque ratione error dolorum iusto dolor nulla inventore autem enim ducimus. rerum fugit est id autem quisquam quia quae esse voluptate architecto et explicabo reiciendis sit nam enim tenetur distinctio eaque aut accusamus voluptate ea consequatur et odio et ut praesentium natus sed non necessitatibus ducimus in voluptates.');
INSERT INTO user_contact (id, user_id, phone_number, email_address, company_email_address, company_code, company_name, job_title, lorem) VALUES (21, 21, '6287670941192', 'rylee@hotmail.com', 'marks.helen@olson_olson_and_olson.avr.com', '900', 'Berge, Berge and Berge', 'Platemaker', 'magni nisi assumenda ea et aspernatur iusto nobis dolorem perferendis qui vel reprehenderit asperiores ut libero officia molestias quia fuga qui dolore explicabo asperiores vero sint enim aliquam aut sint facilis ex officiis sapiente similique ipsam rerum quae quisquam veniam. culpa delectus eos culpa iure fuga ipsum id numquam eveniet quae.');
INSERT INTO user_contact (id, user_id, phone_number, email_address, company_email_address, company_code, company_name, job_title, lorem) VALUES (22, 22, '6281617198912', 'boyer@uzu.net', 'quitzon.marlon@kunze-kunze.him.com', '910', 'Wehner and Sons', 'ccc', 'ipsa itaque et sint ut aliquam autem provident occaecati omnis consequuntur sit aspernatur deserunt exercitationem debitis qui rerum commodi nam amet qui ab et qui eum assumenda eum numquam sit blanditiis maxime sit culpa sequi voluptate culpa molestias iste illo ipsa pariatur deleniti id enim nulla sit sed explicabo dignissimos consequatur distinctio et ea harum maxime cupiditate exercitationem explicabo consequatur quia corporis nam ratione quis accusantium similique minima. nemo quibusdam voluptates et quos hic ducimus similique soluta et magni voluptate in hic facere dignissimos consequuntur illum quasi et omnis harum temporibus consequatur totam soluta repudiandae eius atque dolor architecto porro animi qui magnam officia quia error tenetur facere alias porro culpa quas dicta officiis et porro quam fuga vitae.');
INSERT INTO user_contact (id, user_id, phone_number, email_address, company_email_address, company_code, company_name, job_title, lorem) VALUES (23, 23, '6286728458755', 'davis@hotmail.com', 'barney.greenholt@hahn-hahn.wtv.info', '460', 'Cassin, Cassin and Cassin', 'Human Resource Director', 'minima et soluta velit soluta iure quis repellat similique fuga. placeat rerum ea aspernatur assumenda quae tempora voluptatem modi quod fuga aut totam minima esse quia voluptatum eos veritatis eum libero adipisci voluptas eos tempora dolor perferendis ipsa reprehenderit architecto tempore quia officiis vel earum nihil sed ratione dignissimos ut sapiente deleniti omnis dicta id expedita ut consequatur ipsa optio ex est quod inventore ipsum autem laboriosam adipisci quidem natus quia rerum possimus est temporibus itaque rerum consequatur a quia ipsam fuga omnis quia nisi non sed iste voluptas consequatur et voluptas eius maiores ea rerum quisquam qui fugit aut sed.');
INSERT INTO user_contact (id, user_id, phone_number, email_address, company_email_address, company_code, company_name, job_title, lorem) VALUES (24, 24, '6285960579042', 'laurianne@cop.com', 'delaney.sipes@stehr_plc.sgl.info', '700', 'Buckridge-Buckridge', 'Postal Service Mail Sorter', 'incidunt sequi quis itaque neque perferendis minus sapiente ut sapiente itaque odit sit nobis sunt. quia ut quis dolorum possimus illo nihil earum nisi vel sint ipsum et debitis et qui rerum nulla natus labore corrupti repellendus quia illo quo laudantium ut vitae aut tempora maiores aut aut repellat nisi dignissimos nostrum minus quo nesciunt praesentium at laudantium aut magnam tenetur autem blanditiis earum aut porro voluptate voluptatem aut ullam dolores dolorem sapiente perspiciatis quis aut praesentium dolores excepturi odit et reiciendis atque dolor quos distinctio ut cum vero suscipit et deserunt laudantium enim ad molestiae error magni aut est.');
INSERT INTO user_contact (id, user_id, phone_number, email_address, company_email_address, company_code, company_name, job_title, lorem) VALUES (25, 25, '6289407640938', 'jane@yahoo.com', NULL, NULL, NULL, NULL, 'quia ad eius necessitatibus doloribus sed quia voluptatum qui dolorum vitae hic minus et et ut vero eaque quas inventore earum quia cupiditate voluptas quia facere expedita consequatur maiores ad at dolorem consequatur voluptatem recusandae provident autem a atque doloribus in minus debitis sunt debitis vitae. aliquid eum libero atque animi voluptas aliquid alias nostrum et ab placeat dignissimos beatae ea omnis quisquam eos rerum dolores excepturi error laboriosam voluptatem voluptatibus quis ea dicta dignissimos et voluptatem qui voluptas ab consequatur.');
INSERT INTO user_contact (id, user_id, phone_number, email_address, company_email_address, company_code, company_name, job_title, lorem) VALUES (26, 26, '6282498042594', 'pfeffer.maverick@nch.com', 'green@murazik_murazik_and_murazik.ehq.org', '760', 'Goodwin-Goodwin', 'Electronic Equipment Assembler', 'animi esse nesciunt id dolore qui optio et facere quidem consectetur est beatae nihil odio quae harum officia officia odio explicabo quia et natus deleniti facilis aut velit libero sapiente aperiam dolore a necessitatibus et exercitationem nisi repellat recusandae non dicta provident earum voluptatem eum rem nihil quaerat sapiente ut magni nisi et fugit est hic sunt ex ut eveniet dicta eveniet delectus dolore veniam et molestiae autem doloremque consectetur dolores eius eius quo quo repellendus ex animi expedita et nisi nulla similique. nemo dolorem eaque rerum corrupti soluta doloremque eligendi minima veritatis rerum voluptatibus doloremque.');
INSERT INTO user_contact (id, user_id, phone_number, email_address, company_email_address, company_code, company_name, job_title, lorem) VALUES (27, 27, '6288581902817', 'providenci.cummings@yahoo.com', 'walsh@kunde-kunde.oup.com', '380', 'Torp, Torp and Torp', 'Credit Authorizer', 'distinctio molestiae deserunt aut laborum aliquid et consectetur eaque ullam voluptatibus deserunt vel cupiditate ut sint voluptatibus ullam deserunt possimus ducimus rem ut sapiente et magni fuga hic eos veritatis consequatur enim maxime nemo libero fuga pariatur atque qui in tempora ut quaerat quae est perferendis rerum eaque modi enim aspernatur iusto et unde sit possimus est omnis non esse et dolor voluptate vitae officiis quo harum magnam nemo cum fugiat temporibus aperiam a pariatur ut repellat ab aut error officia. dolores tenetur perspiciatis qui laudantium velit cumque corporis iure ipsa ut blanditiis culpa dolores placeat omnis fuga nemo consequatur aut eos porro fugit similique ipsam qui fugiat omnis expedita perspiciatis magnam enim voluptate sed ex facere nihil vero consequatur labore dolores earum nemo temporibus sed nisi est reprehenderit blanditiis ad qui velit et vel expedita architecto fugit occaecati id eos tenetur nihil earum dolorem sint non enim consequatur veniam repellendus veritatis amet dolor illo quibusdam fuga sint ea.');
INSERT INTO user_contact (id, user_id, phone_number, email_address, company_email_address, company_code, company_name, job_title, lorem) VALUES (28, 28, '6289648174130', 'janae@vlz.biz', 'keebler.janet@mraz_ltd.nsi.info', '970', 'Stokes, Stokes and Stokes', 'Central Office Operator', 'et blanditiis dolor autem omnis ab commodi sapiente qui odio sint explicabo tenetur quas dolore corporis et quia quasi eos minus et tempora cupiditate ut vitae alias reiciendis porro neque quos laborum dolores modi dolorum omnis quia suscipit numquam fugiat libero ut dolorum omnis in sequi consequatur sit eos aut id mollitia et facilis sed provident blanditiis ut quis tempore in expedita est eius possimus non eius dolores qui qui libero et nulla corrupti beatae voluptatem quidem. quibusdam aut sit illo quo aperiam a aut nam consequuntur nobis sint aspernatur qui minus occaecati ut pariatur ut laborum corporis mollitia vero aliquid rerum explicabo aut architecto et omnis aut sunt aperiam vel pariatur ipsum est unde recusandae animi id vero similique facere optio nam nostrum consequatur nulla beatae eveniet voluptatem doloremque dolorum nostrum quia mollitia magnam est dolorum dolorem ut rerum recusandae.');
INSERT INTO user_contact (id, user_id, phone_number, email_address, company_email_address, company_code, company_name, job_title, lorem) VALUES (29, 29, '6284067841494', 'barrett@gmail.com', 'cecilia.wuckert@ryan_group.ujl.com', '280', 'Schinner, Schinner and Schinner', 'Production Control Manager', 'voluptatem voluptatem rerum odio at maxime ut labore et quo soluta iste quis sint modi sunt temporibus cum rerum repudiandae mollitia hic numquam id numquam explicabo voluptatem autem illo quae quis omnis adipisci minima harum adipisci praesentium sed odio accusantium qui alias soluta voluptates voluptatem aut architecto quae omnis quaerat ut facilis autem ducimus id voluptas laborum voluptates aut a illum a enim recusandae exercitationem deleniti et aut saepe molestias doloremque sint nesciunt qui. a quos debitis consequatur et et assumenda expedita id dicta nihil omnis sit numquam sit magnam et aut in sed aut eveniet consequatur aut eius delectus aut necessitatibus et laboriosam qui excepturi sed et odio magni dolore corporis nostrum aut voluptatum rerum earum aliquam harum quas architecto ratione esse similique mollitia quis et amet quia rerum ad repellendus.');
INSERT INTO user_contact (id, user_id, phone_number, email_address, company_email_address, company_code, company_name, job_title, lorem) VALUES (30, 30, '6285514519153', 'abernathy.ryann@hotmail.com', NULL, NULL, NULL, NULL, 'ea tenetur exercitationem et vel assumenda aliquam sapiente et eos doloremque ipsum debitis delectus qui ducimus blanditiis quis est voluptatem qui non porro eos itaque repellat nihil ad rerum ab tenetur tenetur consequatur accusantium laudantium aut facilis quisquam fugit cumque quo non autem quia recusandae. vel quo magni dolores voluptas non voluptatum odit voluptas qui repellat qui praesentium delectus et quia corporis voluptatem a autem quibusdam optio totam est iure minima.');
INSERT INTO user_contact (id, user_id, phone_number, email_address, company_email_address, company_code, company_name, job_title, lorem) VALUES (31, 31, '6285866762863', 'lang.domingo@pdp.com', 'weber.yessenia@kihn_kihn_and_kihn.ehy.com', '560', 'Quigley-Quigley', 'Appliance Repairer', 'blanditiis eligendi laboriosam odit ipsam iure ut quos recusandae est quia saepe cupiditate iste nihil ipsam dolores autem nulla rem sit ut sit minus vero accusamus eos deleniti omnis exercitationem quaerat minima. aut voluptatem magnam laboriosam aliquid fugiat aliquam dolor doloribus accusamus at dignissimos id consequatur perspiciatis exercitationem labore architecto nemo qui eligendi molestias natus et dolores aut possimus voluptatem voluptatum et id repudiandae laboriosam ducimus sapiente sunt quae atque sed incidunt aspernatur ab voluptatem non velit sint ut deleniti iure cupiditate non et explicabo totam deserunt autem veritatis.');
INSERT INTO user_contact (id, user_id, phone_number, email_address, company_email_address, company_code, company_name, job_title, lorem) VALUES (32, 32, '6281680222405', 'parisian.shaina@vbp.org', 'vincenzo@walsh_group.gmu.com', '740', 'Keebler Ltd', 'Psychologist', 'quas magnam ut rerum et laboriosam quod iste vitae ut aut beatae magnam eum ut officiis quia aut aut eveniet impedit rem fuga ipsum et sed esse quidem veniam dolorem suscipit quod dignissimos pariatur quod in omnis voluptatem minus nihil molestiae laboriosam similique molestiae accusantium beatae voluptatem accusamus illum cum illum saepe qui culpa veritatis voluptas et recusandae. quasi quas praesentium exercitationem accusantium quo error soluta velit eum ut sapiente atque modi consequatur debitis qui a eaque in eum quod voluptatum ut similique accusamus aperiam ratione error ex incidunt voluptatem dolorem.');
INSERT INTO user_contact (id, user_id, phone_number, email_address, company_email_address, company_code, company_name, job_title, lorem) VALUES (33, 33, '6282527082513', 'rice.rachelle@dif.com', 'koepp.alexandrine@pollich_pollich_and_pollich.cdn.com', '950', 'Pfeffer-Pfeffer', 'Central Office', 'dolorem maxime tempore nostrum dicta corrupti reiciendis ut maiores enim dolorum magni voluptatem aspernatur corporis dolorem qui rerum. sed incidunt consequuntur consequatur aut possimus laborum voluptas consequatur quaerat aperiam distinctio minus tempore repudiandae dolores ullam dolore.');
INSERT INTO user_contact (id, user_id, phone_number, email_address, company_email_address, company_code, company_name, job_title, lorem) VALUES (34, 34, '6288261306816', 'cruickshank.nathaniel@wil.com', 'ewell@rolfson_ltd.ecx.com', '490', 'Crist, Crist and Crist', 'Medical Equipment Repairer', 'voluptatem laborum quis alias facere corporis deleniti ea dolores rerum iste nostrum est omnis quidem quisquam rerum et sapiente laboriosam non quia esse architecto sint quod nam qui quae reiciendis animi velit fugit voluptatibus qui ut et non adipisci id est sunt quaerat aut aut temporibus sunt voluptas ipsa fugit eveniet culpa soluta itaque quibusdam quas fugiat voluptates deleniti harum velit quae nostrum voluptas dolores tempore ea rerum beatae repudiandae aliquid cumque omnis veritatis qui quis sed nobis quo minus officia quaerat ipsa ipsa eligendi aut at sunt. nihil asperiores ea iure est nobis esse hic corrupti nihil cum necessitatibus aut ipsa dignissimos soluta et quae sunt quae debitis aut est quo odit qui totam rerum veritatis reiciendis voluptas quia est et est.');
INSERT INTO user_contact (id, user_id, phone_number, email_address, company_email_address, company_code, company_name, job_title, lorem) VALUES (35, 35, '6287064965314', 'susanna.greenfelder@uob.com', NULL, NULL, NULL, NULL, 'corporis cupiditate quidem facilis commodi atque veniam qui quis ab sint dolores est doloremque voluptatem placeat sed placeat dicta laborum aspernatur reiciendis qui tempora neque sequi illum autem explicabo aut qui quisquam beatae voluptatem qui voluptatem voluptates officia voluptate blanditiis aut eum veniam similique odit nobis nesciunt reprehenderit eius ipsa facilis placeat laboriosam unde et facilis. consectetur nihil reprehenderit et quas in est ut expedita quis aut magnam error ipsa animi sequi quasi animi deleniti rerum assumenda repudiandae ea aut ad officiis dignissimos omnis et dolores veniam molestias officiis laborum eveniet ratione praesentium modi ex enim officiis cumque itaque a enim voluptatem repellendus dolor rem fugiat.');
INSERT INTO user_contact (id, user_id, phone_number, email_address, company_email_address, company_code, company_name, job_title, lorem) VALUES (36, 36, '6282092570798', 'kaley@gmail.com', 'etha@hoppe-hoppe.cph.com', '500', 'Kuhlman, Kuhlman and Kuhlman', 'Construction Equipment Operator', 'et sed ea libero qui tempora id aut voluptas sed qui blanditiis doloremque minima sunt minus beatae et dolorum laboriosam dicta ut deserunt dolorum laborum aut repellat totam nobis quam itaque omnis dicta expedita dolor commodi rerum sint adipisci sunt in ratione molestiae perferendis atque qui est ut sit dolores sed veritatis quo nobis aspernatur modi impedit nulla deleniti incidunt eos sapiente itaque sunt qui ut ipsum sed beatae occaecati non error quae eveniet minus sint itaque ab quisquam libero temporibus consequatur aut eius vel est reprehenderit. quia quos nisi praesentium omnis qui eos qui delectus quae ut ullam aut rerum asperiores ut ut et consequatur iure veniam fugit laboriosam est corporis placeat voluptate adipisci quisquam voluptatum eum magni eligendi non a et ut dolorem odio ratione dolorum nihil rerum cupiditate adipisci accusamus consequuntur quis ea iusto accusamus modi ut deleniti quisquam cum laudantium earum ut unde facere quos omnis atque laboriosam qui aliquam dolores velit magni dolores libero quis quibusdam est aut odio voluptatem sint vitae reiciendis dicta temporibus fugiat.');
INSERT INTO user_contact (id, user_id, phone_number, email_address, company_email_address, company_code, company_name, job_title, lorem) VALUES (37, 37, '6285462081806', 'bettie.baumbach@uot.biz', 'jaskolski.adah@wisozk-wisozk.dzo.com', '870', 'Stiedemann PLC', 'Watch Repairer', 'soluta facere id quis non quibusdam consequatur magni saepe omnis amet voluptates ex aut. occaecati voluptatem beatae ut nihil assumenda sed doloremque hic perferendis et ut sit eaque incidunt temporibus est et molestias est sint porro quisquam quaerat est quis rerum optio consectetur et dicta praesentium perferendis voluptas dignissimos eos reprehenderit impedit aut sunt quod voluptas deserunt quia aut aut est laborum sint et et qui minima autem ratione molestiae debitis dolores itaque molestiae et dolorem.');
INSERT INTO user_contact (id, user_id, phone_number, email_address, company_email_address, company_code, company_name, job_title, lorem) VALUES (38, 38, '6281467251733', 'sylvia.hintz@qvc.net', 'considine@hettinger_llc.rai.info', '390', 'Pacocha-Pacocha', 'Electrical Drafter', 'quam harum et voluptates exercitationem ipsam fugiat laudantium aliquid molestiae voluptatem facilis accusantium ut est repellat fuga deleniti vel ea numquam a nostrum et doloribus maiores tenetur debitis quibusdam amet excepturi ea est quae voluptas recusandae ut sapiente qui fugiat eum quia amet optio enim pariatur non rem enim optio dolores officia accusantium ut maxime sit et rem vel qui saepe iusto. sunt qui cumque exercitationem dolores quo voluptas quod necessitatibus facere quam aut tenetur officiis dicta aut eius debitis autem.');
INSERT INTO user_contact (id, user_id, phone_number, email_address, company_email_address, company_code, company_name, job_title, lorem) VALUES (39, 39, '6280452252125', 'berneice@kah.net', 'hilpert@legros_group.quu.net', '850', 'Schmitt and Sons', 'Corporate Trainer', 'cum et tenetur quo laboriosam ipsa saepe eaque voluptates eligendi qui porro eaque officia quae asperiores minus et ratione neque odio ratione qui vel at et sunt accusamus voluptatem consequatur facilis atque quos non omnis asperiores in pariatur nisi modi temporibus tenetur quae blanditiis ut qui et error corporis maiores minus quia temporibus ea est dolor et est iusto fuga quia et veniam tempora excepturi odio aperiam praesentium aut similique reiciendis cum sint odit deserunt natus qui blanditiis omnis cupiditate ut tempora non at autem. sit soluta sit ipsam perferendis quis ut incidunt ea nulla architecto ex corrupti assumenda temporibus necessitatibus eos voluptates sapiente eos dolor velit eaque harum sed tempore assumenda ut quis esse sint molestiae fugit nihil optio nihil quia quas suscipit reiciendis assumenda nostrum adipisci tempore illum aut et harum eius in ratione voluptatem tempora soluta molestiae enim esse consequuntur voluptates aut exercitationem voluptatem reiciendis nemo.');
INSERT INTO user_contact (id, user_id, phone_number, email_address, company_email_address, company_code, company_name, job_title, lorem) VALUES (40, 40, '6280187749439', 'mckenzie.prudence@eaz.com', NULL, NULL, NULL, NULL, 'explicabo impedit illum voluptatem necessitatibus nisi consectetur dolor tenetur dolorem doloremque esse ducimus iure qui laudantium aut commodi commodi eos iure libero vel alias. rerum et facere officia sit culpa molestiae eaque voluptas ipsum ut non consequatur pariatur corrupti adipisci hic eos laboriosam esse dignissimos consequatur eos porro ea quo molestiae explicabo occaecati dolorem maxime dolor rerum harum alias totam quasi id aspernatur in omnis eius eveniet molestias sed voluptatem eaque magnam reiciendis ducimus itaque est debitis molestiae voluptatem exercitationem et dolore qui est quas voluptas dolor qui nesciunt et voluptas facere est tempora consectetur ut laudantium nihil reiciendis est quam tenetur dolor pariatur eligendi ipsum eos reiciendis.');
INSERT INTO user_contact (id, user_id, phone_number, email_address, company_email_address, company_code, company_name, job_title, lorem) VALUES (41, 41, '6283713230368', 'earnest@gmail.com', 'arnulfo@nikolaus_nikolaus_and_nikolaus.jlp.com', '800', 'Langosh Group', 'Vending Machine Servicer', 'et quidem repellat repellendus sunt nihil dolore est quisquam sit reiciendis velit mollitia maxime rerum nisi tempora nihil et explicabo aut recusandae quo harum recusandae eum rem sed aperiam consequuntur necessitatibus voluptas unde maxime perferendis. placeat ad est omnis rerum dolor est exercitationem velit dignissimos et et et culpa iure a quis nostrum ut aliquam recusandae ut quam quas ut voluptatem repudiandae ducimus enim id suscipit iusto tempora aut et aperiam consequatur consequatur non dolor iste velit autem ut qui et aut enim reiciendis nisi quaerat iusto aperiam praesentium ab rerum.');
INSERT INTO user_contact (id, user_id, phone_number, email_address, company_email_address, company_code, company_name, job_title, lorem) VALUES (42, 42, '6280342555782', 'bernard.champlin@yahoo.com', 'kovacek@kunde-kunde.vly.com', '930', 'Wuckert-Wuckert', 'Program Director', 'et ut nihil eveniet esse repudiandae ut inventore illo adipisci repellat dolorum ratione debitis non molestias quidem earum repellendus incidunt dolor eum sit assumenda et eum quia possimus aut distinctio corrupti facilis voluptatem qui qui aliquid reprehenderit rerum molestiae a adipisci eum quod sit possimus repellat porro in sit animi hic unde voluptas omnis id harum aspernatur voluptatem natus assumenda voluptas nulla culpa et error ipsum dolores ut hic velit minima. omnis eos quia ut libero quia dicta voluptas culpa iure quod occaecati ipsam dolor velit est placeat consequatur repudiandae tempore recusandae facilis numquam a voluptatum enim omnis ut quo ut et provident odit.');
INSERT INTO user_contact (id, user_id, phone_number, email_address, company_email_address, company_code, company_name, job_title, lorem) VALUES (43, 43, '6287116091923', 'vida.pagac@hotmail.com', 'braden.hagenes@zieme_zieme_and_zieme.fsg.info', '460', 'Bernier Inc', 'Environmental Science Technician', 'rem est impedit eligendi quam et molestias ut dolor neque consequatur itaque et voluptatem quis incidunt quas laudantium itaque adipisci voluptatum repellat qui aut aut reprehenderit ut est sit non ut ullam amet quo et iste inventore aliquam voluptatem ut itaque suscipit alias voluptas voluptatibus cumque consequuntur voluptatem ut dolor voluptatem quaerat et quo laudantium nostrum culpa in veritatis ducimus est et dolores aut iusto atque quo aliquid in sunt totam quas neque voluptatum repellendus est pariatur nihil ducimus enim deserunt ut labore voluptas odio dicta rerum commodi earum omnis atque fugiat qui. ratione aperiam illo cumque maiores temporibus dolorem quia aliquid laborum sed dignissimos magni reiciendis consequuntur voluptatem officia sunt in dignissimos aut illum minus velit quam totam nesciunt velit placeat aut officia et reiciendis quia blanditiis sunt veniam suscipit quia adipisci eos repellat repellat velit voluptatem adipisci laboriosam optio optio rem maxime iure dicta qui officiis mollitia quaerat earum animi at nulla magnam est aut odit harum consequatur veniam debitis dolorum impedit vero perferendis repudiandae ea ex dolorem quasi dolores autem quibusdam est perferendis blanditiis quidem rerum qui animi.');
INSERT INTO user_contact (id, user_id, phone_number, email_address, company_email_address, company_code, company_name, job_title, lorem) VALUES (44, 44, '6282616457284', 'sonya.hamill@gmail.com', 'andy@carroll_carroll_and_carroll.evk.com', '540', 'Cremin Inc', 'Compensation and Benefits Manager', 'et odit molestiae sed dolorem vel veniam in ut fugiat et quis molestiae eum quaerat inventore placeat et in assumenda ut amet necessitatibus quam delectus dolores adipisci qui error numquam in libero ut tempora aspernatur quis aspernatur nam totam molestiae praesentium excepturi ducimus soluta officia voluptas autem repellat pariatur mollitia delectus a autem. sit ut fuga et sit voluptas magnam delectus placeat doloribus dolores architecto ut fugit impedit unde esse omnis deserunt in ut nihil molestiae sed molestiae explicabo quaerat qui est est atque sunt magni ipsa quia assumenda est facilis quas facere quod sequi et rerum quod sed et harum suscipit voluptatem et nihil aliquam sunt voluptatibus quas voluptatibus non odio laboriosam.');
INSERT INTO user_contact (id, user_id, phone_number, email_address, company_email_address, company_code, company_name, job_title, lorem) VALUES (45, 45, '6285338489145', 'gulgowski@yahoo.com', NULL, NULL, NULL, NULL, 'est non illo quos et perspiciatis repudiandae quasi aut qui hic voluptatem natus et et aut corrupti blanditiis suscipit laborum labore. saepe iure et dolore et quia distinctio earum distinctio recusandae nam vel cupiditate itaque accusamus quia inventore voluptates repellendus dolor similique excepturi distinctio occaecati qui ad omnis id nisi repellendus distinctio voluptates dolorem voluptatem quas dolor dolorem.');
INSERT INTO user_contact (id, user_id, phone_number, email_address, company_email_address, company_code, company_name, job_title, lorem) VALUES (46, 46, '6288727679033', 'muller.dustin@abc.com', 'estell@pacocha_group.cmb.com', '380', 'Ortiz, Ortiz and Ortiz', 'Personal Home Care Aide', 'ipsam autem temporibus incidunt magnam facere et facilis exercitationem rerum quia enim similique ut eveniet aliquam est similique magnam nemo quas qui sit sapiente. fugit rerum excepturi quod odit rerum reiciendis optio eius enim eligendi quae quia consectetur explicabo impedit libero voluptatibus exercitationem et sunt illum maxime iusto fugit ipsam omnis consequatur molestias soluta dolores maxime voluptatem libero laboriosam sit velit nobis rerum ut et saepe repudiandae quia ut velit totam.');
INSERT INTO user_contact (id, user_id, phone_number, email_address, company_email_address, company_code, company_name, job_title, lorem) VALUES (47, 47, '6281244775101', 'ebert@gmail.com', 'elsa.beatty@hauck_plc.zhv.biz', '360', 'Kris-Kris', 'Textile Cutting Machine Operator', 'qui atque quis corrupti quia quae aperiam delectus aliquam assumenda quia beatae nisi tempore suscipit sit sed et dolores repudiandae cum dicta sit voluptatem rerum non ut dolorum rerum impedit quaerat et esse illo aut atque earum inventore autem neque animi perferendis est debitis neque distinctio explicabo exercitationem unde quis veniam aliquid porro nemo quia veniam sequi voluptatem eaque est dolorem at aliquam tempora sit velit qui tempora praesentium quia earum. mollitia incidunt inventore adipisci explicabo repudiandae quaerat ut est sunt ut vel non molestias rerum cupiditate rerum enim numquam accusamus aliquid et quia et pariatur quia laborum et ipsam repellat est dolorem quia magnam omnis maxime aut et magni tempora nemo consequatur facere maxime libero quia vero ipsam molestiae incidunt dolor quidem est qui velit voluptate hic repellat voluptas est ipsa officiis consequatur quibusdam aliquam enim qui delectus perferendis exercitationem.');
INSERT INTO user_contact (id, user_id, phone_number, email_address, company_email_address, company_code, company_name, job_title, lorem) VALUES (48, 48, '6285396974635', 'ankunding@zyx.com', 'mcdermott@champlin_champlin_and_champlin.kio.net', '210', 'Romaguera-Romaguera', 'Organizational Development Manager', 'cumque facilis nobis libero enim facilis et quia itaque sint magni atque et sapiente veritatis voluptatem reprehenderit maxime quo quo neque numquam quasi aut dolorem eligendi dolor aut aut dolor excepturi eveniet labore aliquam amet recusandae nobis enim nemo quam debitis molestiae provident impedit molestias harum commodi tempore nihil a omnis autem ut explicabo magni aliquid ea est et aut eveniet est voluptate quod ullam culpa voluptas sapiente aliquid aut consequatur facilis optio cumque amet qui dolor possimus quisquam. consectetur vero assumenda tempore qui eligendi in aspernatur at repellat explicabo eveniet sed iure tempora.');
INSERT INTO user_contact (id, user_id, phone_number, email_address, company_email_address, company_code, company_name, job_title, lorem) VALUES (49, 49, '6282577126415', 'stewart.koelpin@hotmail.com', 'maximus@kulas_kulas_and_kulas.exl.net', '600', 'Kuhic-Kuhic', 'Mechanical Equipment Sales Representative', 'perspiciatis omnis recusandae est est aliquid maiores et optio vitae autem voluptates deserunt blanditiis modi nulla iste mollitia modi aut voluptate hic fuga sapiente molestiae odio quis nemo eaque ut velit neque fuga libero et eveniet facilis debitis iusto totam molestiae est ut corporis eos qui fugiat modi numquam beatae qui omnis distinctio laboriosam ex voluptas eum velit et labore qui debitis tenetur illo officia. optio qui repudiandae qui odit quidem possimus neque quos ea at mollitia minima dolores et quia labore fugit et quia aut rerum sint vel consequatur quos ut deleniti voluptate atque in eveniet ducimus expedita doloribus ipsum aliquid dolorem et qui quos soluta sint ut eaque quisquam rerum in non modi dolor aliquam accusantium et ullam vel a rerum est ea ullam minus aspernatur ut repudiandae sed perferendis animi expedita neque consectetur earum occaecati quia minima laborum suscipit eum et consequuntur dignissimos magni eos ut eligendi nihil saepe rem tenetur occaecati et cumque maxime sunt aut odit et similique.');
INSERT INTO user_contact (id, user_id, phone_number, email_address, company_email_address, company_code, company_name, job_title, lorem) VALUES (50, 50, '6284602895291', 'dickens@bim.com', NULL, NULL, NULL, NULL, 'nobis ducimus tempore eaque dolor sunt pariatur beatae expedita numquam qui maiores sit fuga quod quaerat. doloribus veniam vel sunt at nemo omnis qui vel eius architecto et fuga ducimus dicta autem eos perferendis illo nemo sit autem illum asperiores soluta culpa unde quidem enim a soluta nostrum earum eveniet ut illum necessitatibus commodi id quisquam harum culpa ipsum tempore alias aut praesentium voluptates dolor quo hic omnis sit.');
INSERT INTO user_contact (id, user_id, phone_number, email_address, company_email_address, company_code, company_name, job_title, lorem) VALUES (51, 51, '6282733975857', 'hessel@enz.net', 'wolff@abshire_group.uyn.com', '370', 'Parisian-Parisian', 'Food Scientists and Technologist', 'nihil officiis voluptatem quia vitae maxime deserunt impedit autem eaque in voluptas harum quo iusto quas omnis tenetur repellendus sunt quo quia aut et iusto aut et expedita omnis incidunt qui sit quis et impedit rerum suscipit autem et voluptatibus consequatur est omnis et architecto ut est aut ut optio laborum cumque optio quia quasi est officiis vero incidunt iste ipsam consequatur debitis sunt et ipsam ipsum optio expedita dolor excepturi ullam laboriosam eius quaerat et at quod nemo pariatur est harum et veritatis excepturi dolorem quo corporis. eius aliquam fuga quae accusamus enim amet at quisquam nihil dolorum voluptatem libero sunt reprehenderit quasi unde recusandae temporibus maxime aliquam quo aut officia voluptate inventore cum ut eos harum ad repellendus sequi sunt aut repudiandae consequatur reiciendis non rerum excepturi dolores illum deserunt aperiam quas dicta ipsum architecto et sit quod praesentium rem asperiores minima et labore dolorem magni odit quis fugit repudiandae aliquid consectetur molestiae sint et eos tempore minus porro libero sit quaerat ea ut distinctio ut velit excepturi magnam voluptates soluta impedit omnis cupiditate.');
INSERT INTO user_contact (id, user_id, phone_number, email_address, company_email_address, company_code, company_name, job_title, lorem) VALUES (52, 52, '6282139336485', 'abernathy@gmail.com', 'senger@mann_llc.dkj.biz', '710', 'Lebsack PLC', 'Plate Finisher', 'nemo et ipsa dolorum dolorum vitae possimus est ratione recusandae eligendi veniam voluptatem mollitia eveniet neque voluptas assumenda aliquam qui inventore voluptates accusamus quasi quasi iure laboriosam quia velit sed cupiditate nihil debitis aut possimus voluptatem id ea velit dolore consequuntur sed ipsa consequatur tenetur quisquam quaerat et aut aut velit harum earum reiciendis aliquid laudantium qui et soluta optio et. qui at et qui consequuntur vitae delectus totam quod quaerat placeat velit dolorem.');
INSERT INTO user_contact (id, user_id, phone_number, email_address, company_email_address, company_code, company_name, job_title, lorem) VALUES (53, 53, '6285334707404', 'satterfield.addison@gmail.com', 'trudie.gislason@bernier_bernier_and_bernier.wfk.com', '460', 'Legros Inc', 'Licensed Practical Nurse', 'facilis est molestiae eum nemo velit autem corporis vel expedita natus at rerum. perspiciatis qui mollitia non excepturi autem odio nulla consequatur quibusdam expedita ipsum quod et voluptatem fugit vitae non necessitatibus quia id aut nisi et aut et qui quia qui eos aperiam aut suscipit incidunt ratione corporis qui et eligendi sapiente aut delectus sed nisi veritatis voluptatem blanditiis magnam reiciendis praesentium sit quia rem occaecati et accusamus fugiat qui et enim est eum aut aut aperiam aut ducimus quia sed.');
INSERT INTO user_contact (id, user_id, phone_number, email_address, company_email_address, company_code, company_name, job_title, lorem) VALUES (54, 54, '6285127959666', 'langworth.judah@hkq.com', 'beier.stuart@williamson_williamson_and_williamson.jsw.com', '530', 'Gibson Ltd', 'Baker', 'ea nihil harum vel consectetur ducimus sint et aliquam repudiandae ducimus amet atque totam tempora exercitationem voluptas quis doloribus commodi unde et. distinctio dolorum repellendus laudantium dolorem minus id sed eaque voluptas natus reiciendis ut qui magnam illo sit fugiat aperiam molestias eligendi harum id sit sed perspiciatis eum at tempore aliquid reprehenderit voluptas tempore recusandae consectetur magnam quibusdam repellat ut omnis qui minima consequatur autem tempora delectus qui officiis sint praesentium tempore repellat explicabo nihil et aliquid quo officia eveniet dicta et dolores.');
INSERT INTO user_contact (id, user_id, phone_number, email_address, company_email_address, company_code, company_name, job_title, lorem) VALUES (55, 55, '6281560390030', 'billy@gmail.com', NULL, NULL, NULL, NULL, 'dolore vel consequatur neque et qui laudantium sed necessitatibus iusto corrupti iste nemo error soluta nulla itaque soluta sint ea alias quia pariatur aut ut nesciunt quasi quo et dolores sequi aut libero eum. quia voluptas necessitatibus inventore ipsum ut voluptas hic mollitia est optio nihil inventore officiis aliquid sit fuga qui et fugiat reiciendis est repellendus excepturi doloribus nemo.');
INSERT INTO user_contact (id, user_id, phone_number, email_address, company_email_address, company_code, company_name, job_title, lorem) VALUES (56, 56, '6288675314716', 'helen@gmail.com', 'garnet.skiles@reynolds_ltd.ukn.com', '730', 'Cummings Inc', 'Terrazzo Workes and Finisher', 'facere modi impedit non enim assumenda voluptate laudantium aut perferendis reiciendis sapiente inventore qui rerum suscipit porro nihil et nesciunt cupiditate sunt et amet illum quidem perferendis iste modi rerum aut qui iusto rerum necessitatibus voluptas omnis neque praesentium laudantium dicta similique dicta totam error sed aut earum repellat ratione incidunt architecto ipsum eos eos mollitia suscipit nesciunt excepturi. maiores recusandae nam impedit magnam perferendis magni aut sequi cupiditate ipsum qui dolor pariatur laboriosam maiores recusandae atque vel illum non tempore architecto autem atque rerum aperiam inventore unde non error optio quasi quam quos velit beatae omnis excepturi alias ea consequatur natus officia iusto tempora in molestias ut dolor neque id ut omnis ullam impedit fuga ut ea voluptatum autem cupiditate sequi veniam aut amet ipsam magnam qui quia tenetur culpa tempore blanditiis et facilis non a ut dicta laboriosam saepe nisi sunt doloribus voluptatem delectus quis est beatae unde autem.');
INSERT INTO user_contact (id, user_id, phone_number, email_address, company_email_address, company_code, company_name, job_title, lorem) VALUES (57, 57, '6289128648420', 'price.wellington@hotmail.com', 'dillan.harvey@nader-nader.ign.com', '340', 'Medhurst-Medhurst', 'Employment Interviewer', 'dolore exercitationem sed enim enim alias aut nesciunt suscipit praesentium atque delectus id earum ea modi facere non id asperiores ut sit ea sit corporis et omnis quia voluptas rerum tenetur quis quidem quos eius fugiat dolorem consequatur quas voluptatem quia alias quo quis quia aut architecto odio amet possimus corporis qui non vitae et quibusdam facere neque rerum pariatur est magnam in unde et incidunt ipsum minima asperiores dolorem qui et vel sunt voluptatem est dolor id reprehenderit beatae odio nihil et fugiat et aut dolor. quisquam ut praesentium necessitatibus officia illo eligendi qui quo quis aliquam ad eos molestiae velit maiores voluptates adipisci dolores et.');
INSERT INTO user_contact (id, user_id, phone_number, email_address, company_email_address, company_code, company_name, job_title, lorem) VALUES (58, 58, '6282986031924', 'dubuque.jane@gmail.com', 'tavares@kuvalis_kuvalis_and_kuvalis.uak.biz', '460', 'Mitchell Inc', 'Inspector', 'temporibus nemo fuga quas aut sapiente debitis odio vel ex quo nihil itaque reiciendis et quis omnis ex unde sunt harum earum aut molestias iste aspernatur laudantium illum sequi laudantium iure deserunt voluptate dicta necessitatibus quasi saepe unde sapiente vel quibusdam ea consequatur non modi voluptatem minus laborum consectetur et fugiat ut magnam amet earum asperiores ipsa eos corporis ut quaerat similique enim perferendis qui sed earum inventore aliquam et adipisci in dolore. qui ducimus dolor in ea sed error quo corrupti recusandae aut velit iusto molestias qui qui autem ut aut rerum id sint quisquam aut sint ipsa consequatur ut autem molestias atque reiciendis necessitatibus tenetur impedit error corporis ex beatae enim sit dolorem ut totam eligendi ad qui voluptatem consequatur dolor suscipit nostrum suscipit quo repellat repellat dicta necessitatibus exercitationem autem non qui nostrum repellat sit similique error harum nam.');
INSERT INTO user_contact (id, user_id, phone_number, email_address, company_email_address, company_code, company_name, job_title, lorem) VALUES (59, 59, '6282220077030', 'german.zboncak@yahoo.com', 'enos.white@pfannerstill_pfannerstill_and_pfannerstill.aqv.com', '940', 'Davis-Davis', 'Trainer', 'cum saepe ullam distinctio quia alias nobis facere et maxime. eos corporis libero vel quis provident ducimus optio adipisci fugiat itaque quibusdam dolorum eaque sit reprehenderit ullam aut labore natus est nihil consectetur laborum sint placeat molestias eum iste voluptas.');
INSERT INTO user_contact (id, user_id, phone_number, email_address, company_email_address, company_code, company_name, job_title, lorem) VALUES (60, 60, '6280867081324', 'zieme.alexandro@ffd.com', NULL, NULL, NULL, NULL, 'autem veritatis ut rem reprehenderit velit illo mollitia blanditiis doloremque ab voluptatem et recusandae aut eius et nobis molestiae et vel cum distinctio consectetur quis ab earum assumenda aliquid totam culpa dolorem nostrum aliquid qui et accusantium porro enim optio est harum molestiae eos incidunt quis exercitationem ea debitis itaque enim et nam quod et ex ipsam error in maiores aliquam dolor quia nulla. non error id harum id voluptatem eveniet voluptatem cupiditate consequuntur expedita est consequatur accusamus aut occaecati quas impedit natus amet aut laudantium ab quia adipisci eos quasi delectus earum porro et reiciendis iste rerum vel animi quasi beatae sit nihil in odit quia nisi corporis ut minus expedita molestiae voluptas.');
INSERT INTO user_contact (id, user_id, phone_number, email_address, company_email_address, company_code, company_name, job_title, lorem) VALUES (61, 61, '6281885381338', 'mcglynn@jjc.net', 'boehm.tabitha@witting_ltd.ixi.com', '940', 'Dach, Dach and Dach', 'Anthropology Teacher', 'ea dolorem sapiente nulla iusto neque voluptatibus mollitia nostrum tenetur aperiam ad nam possimus deserunt autem enim non fuga illo qui cumque non adipisci dolores iure blanditiis nemo. modi ut perferendis dolor officia omnis impedit rem ut molestiae inventore vitae aut esse quasi doloribus ab quos a et harum ut iusto dignissimos quam ut maxime necessitatibus distinctio recusandae reprehenderit molestiae omnis quia dolor qui quod deserunt aperiam maiores expedita error rerum.');
INSERT INTO user_contact (id, user_id, phone_number, email_address, company_email_address, company_code, company_name, job_title, lorem) VALUES (62, 62, '6288403469941', 'adrianna.goldner@kav.com', 'balistreri.emiliano@jacobs_jacobs_and_jacobs.iqh.com', '510', 'Langosh, Langosh and Langosh', 'Benefits Specialist', 'tempore aliquam quae quod perferendis voluptatum et aperiam omnis omnis. dolorum corrupti quis similique vel rerum quam beatae ad eligendi corrupti qui autem est inventore.');
INSERT INTO user_contact (id, user_id, phone_number, email_address, company_email_address, company_code, company_name, job_title, lorem) VALUES (63, 63, '6283894864920', 'malachi@yahoo.com', 'lela.mueller@gutkowski_ltd.etw.org', '450', 'Olson Group', 'Sawing Machine Tool Setter', 'et quia labore fugit velit laboriosam illum libero et laboriosam qui est ut omnis. consequatur laborum veritatis provident repellendus id ipsam laboriosam quia qui vero veniam est ipsum ea alias praesentium repellendus nobis explicabo cupiditate.');
INSERT INTO user_contact (id, user_id, phone_number, email_address, company_email_address, company_code, company_name, job_title, lorem) VALUES (64, 64, '6281033908200', 'gorczany@hotmail.com', 'hermiston.watson@hilll-hilll.isq.com', '490', 'Kilback-Kilback', 'Fraud Investigator', 'itaque accusantium corporis aut sed nihil sed placeat voluptatem aperiam dicta est occaecati nulla aliquam aliquam repellat recusandae ipsam voluptas et sint voluptas cum omnis odit quisquam consequatur minus est nesciunt deleniti pariatur doloremque eius sunt est nemo voluptas alias itaque perferendis excepturi dolorem consectetur natus quasi eligendi dolores ad et enim quas qui cupiditate nihil nostrum et quam. laudantium omnis nisi enim similique reprehenderit est molestiae magni tempora dolores earum voluptas natus consequatur quibusdam aliquid quos dolorum deleniti fuga voluptas accusantium id saepe optio ea corrupti quasi sunt accusamus ut id fuga nostrum omnis voluptatem et voluptates fugit qui id sed dolores.');
INSERT INTO user_contact (id, user_id, phone_number, email_address, company_email_address, company_code, company_name, job_title, lorem) VALUES (65, 65, '6287225854031', 'luciano@jat.biz', NULL, NULL, NULL, NULL, 'molestiae sunt minus alias quo praesentium dignissimos omnis unde nesciunt dolorum repellat harum maiores possimus fugiat perferendis ducimus iste alias ipsum doloribus expedita nesciunt consequuntur non est consequatur qui aut blanditiis qui molestiae fugiat aliquid dolore dicta ut autem eligendi reiciendis dolores recusandae alias ratione voluptate est perspiciatis illo omnis nesciunt incidunt ad rerum error quis magnam ut odit aut repudiandae sint autem accusantium. labore perferendis in dolorem aut impedit voluptas laborum optio nihil odit blanditiis odio ad esse blanditiis sapiente aut ipsum quia molestiae veniam iste consequatur corporis ut et eaque labore aut cum pariatur ut culpa sapiente dolore ea voluptatem impedit dicta enim repudiandae eveniet voluptatem commodi consequatur id ut eius eaque ut voluptatem suscipit cumque odio sit vel quo laudantium quia accusantium corrupti et mollitia voluptas quasi corrupti et facere quia necessitatibus tenetur repellendus et consequatur ipsum beatae perspiciatis perferendis eius et quae laudantium at aut eveniet sapiente ut fugiat dolores reiciendis culpa dolorum beatae dolor est enim omnis.');
INSERT INTO user_contact (id, user_id, phone_number, email_address, company_email_address, company_code, company_name, job_title, lorem) VALUES (66, 66, '6280707866466', 'lenny@yahoo.com', 'pacocha@parisian_llc.fma.com', '990', 'Aufderhar-Aufderhar', 'Production Control Manager', 'amet libero recusandae dolores a at perferendis et non exercitationem quos fuga magnam at et aperiam quam quidem doloremque sed quia omnis harum laudantium excepturi aliquam delectus in soluta distinctio quo doloremque aut tenetur porro veniam id ipsum suscipit laudantium voluptatem ut velit aperiam optio ut ad eligendi fugiat dolores ab nostrum et non eaque dolorem optio ut voluptas minima dolorem. magnam ipsa voluptatum fuga cupiditate quod minima modi beatae corrupti odit non magnam non dolore quis architecto corrupti amet tempore magni est aperiam tempora quia quidem cumque corrupti assumenda est veritatis impedit quia illum quia quis illo quia aut reprehenderit quidem perspiciatis aliquid recusandae possimus dolorem non delectus aliquam modi nisi aut eum et qui iste illo ullam et quis facere rerum est ratione consequatur adipisci sit quis odit ut minus.');
INSERT INTO user_contact (id, user_id, phone_number, email_address, company_email_address, company_code, company_name, job_title, lorem) VALUES (67, 67, '6282976018002', 'columbus.mann@hks.org', 'emmerich.malachi@jacobson_plc.xtn.net', '320', 'Treutel PLC', 'Civil Engineering Technician', 'amet odit ab atque aspernatur nisi qui hic iusto sed ducimus excepturi earum quo animi recusandae aut illo at officiis modi eligendi vel quasi et dolor voluptas consequatur hic quia a alias sed odio odio exercitationem qui et laudantium est velit libero consequuntur ad est quis enim deleniti quia dolorem libero blanditiis neque aut id corporis doloremque magnam nisi optio nobis aliquam perspiciatis rerum ipsum sit minima vero eum voluptas sed dolorem laboriosam ullam repellat velit rerum rerum possimus nobis aut necessitatibus corporis consequatur veniam inventore sequi maiores et veniam hic aut ipsa maxime rem commodi aperiam autem nihil. distinctio aspernatur molestiae non atque quidem eum asperiores aut in eius quia accusantium consectetur illum aut tempore.');
INSERT INTO user_contact (id, user_id, phone_number, email_address, company_email_address, company_code, company_name, job_title, lorem) VALUES (68, 68, '6285035283677', 'labadie@sng.net', 'tessie.emard@ortiz-ortiz.tau.net', '450', 'Rippin, Rippin and Rippin', 'Photographic Process Worker', 'nostrum fuga sit aspernatur ex fuga deleniti voluptatum illo ut quisquam omnis aut a iure aperiam eos debitis praesentium distinctio id voluptatum ipsa qui exercitationem at eos est enim numquam dolorum repellat dignissimos adipisci quis quaerat et laudantium enim ducimus sunt consectetur iste ratione unde molestiae officia tenetur quisquam ut aut sint laudantium rerum illo molestias voluptatum enim commodi beatae sed neque corrupti aliquam corrupti id voluptatem vero facilis dolores dolor enim. vitae est placeat ea dolor eos deleniti maxime non numquam repellendus.');
INSERT INTO user_contact (id, user_id, phone_number, email_address, company_email_address, company_code, company_name, job_title, lorem) VALUES (69, 69, '6284655842588', 'legros.vella@gmail.com', 'kub@volkman_volkman_and_volkman.wjy.net', '290', 'Fisher Group', 'Amusement Attendant', 'quo sit maxime fugiat sint perspiciatis molestias laudantium error voluptatem quod ducimus laboriosam doloremque laborum blanditiis dolores numquam eaque velit corrupti similique ut minus sapiente nam atque debitis eos nemo laborum dolorem voluptatem optio minus ut aut inventore et sint est aliquid voluptates est itaque facere aut aut minima debitis enim et corrupti totam aut. minus voluptas quis officia ut deleniti quos sit perferendis cupiditate tempora modi nemo voluptatem voluptatem aliquid eum eius temporibus quisquam cum amet qui maxime labore numquam hic blanditiis voluptas quo sunt ipsum assumenda quo repudiandae dolorem maxime rem eos aut voluptatem sed alias magni reprehenderit repellat corrupti harum non magni nam amet.');
INSERT INTO user_contact (id, user_id, phone_number, email_address, company_email_address, company_code, company_name, job_title, lorem) VALUES (70, 70, '6287209104822', 'murray.julian@qxb.com', NULL, NULL, NULL, NULL, 'inventore earum nobis velit consequuntur asperiores sit recusandae enim illo blanditiis ut consequuntur nihil voluptatum eveniet occaecati reiciendis officiis odio mollitia qui commodi ex iste illo in quia est nesciunt officia quidem velit officiis similique provident quia necessitatibus sed ut repellendus iste nemo quia et molestiae hic qui laudantium in sit est numquam voluptates dolor ad accusantium magni animi aut aut in delectus quisquam omnis aut soluta qui quia hic soluta molestiae aut et iste consequatur quia eum soluta. ea ab minus voluptas minima quaerat atque deleniti incidunt ex maxime perferendis tenetur illum ipsum eveniet sunt magni reiciendis ad et incidunt qui exercitationem quas voluptatem est perspiciatis vero sit sint atque debitis totam accusantium qui cumque dolore id omnis doloremque et qui at ex illo ex repellat sed quibusdam rerum eius dolor dolores corrupti repudiandae aut eligendi et a quidem non.');
INSERT INTO user_contact (id, user_id, phone_number, email_address, company_email_address, company_code, company_name, job_title, lorem) VALUES (71, 71, '6281227047076', 'beahan.zack@gmail.com', 'quigley@heaney_heaney_and_heaney.rdg.info', '240', 'Koelpin, Koelpin and Koelpin', 'Medical Equipment Preparer', 'doloremque aut quia fugiat facere sunt in nesciunt distinctio et velit recusandae dolores consequuntur quo rem ea labore eveniet est sunt quo officia occaecati et est aut ipsa commodi a laborum et consectetur rerum nobis sed fugiat repellat nihil similique dolores est id repellat beatae. in voluptas et sunt dolores qui nihil optio ut voluptate vitae dolorem debitis rerum necessitatibus harum voluptatibus corporis sit.');
INSERT INTO user_contact (id, user_id, phone_number, email_address, company_email_address, company_code, company_name, job_title, lorem) VALUES (72, 72, '6285277600274', 'greenholt.berta@hotmail.com', 'kuhlman@jacobi_group.ble.com', '810', 'Nader Inc', 'Agricultural Manager', 'at distinctio saepe voluptatem dolor et omnis ut mollitia molestiae tempore nihil voluptatem provident rem fuga maiores omnis provident dolore non et maiores in repudiandae corrupti magnam accusantium inventore at rerum a expedita accusamus quibusdam sequi eius officia porro nobis ea quod ipsa saepe. ducimus expedita voluptas accusantium aspernatur rerum minima omnis sequi ea non voluptatem qui quo itaque autem id voluptatem dicta facilis molestiae sit dignissimos illum quisquam labore molestiae deleniti expedita dolorum deserunt expedita quia architecto velit voluptatibus accusamus fugiat magni nihil repudiandae reprehenderit et vero excepturi nemo quia in molestiae voluptatem rerum et vitae consequatur aut rerum dolores totam non magni sunt ratione voluptas nesciunt sint consequatur totam dolorum maxime harum id quia aliquam consequatur necessitatibus sunt natus alias.');
INSERT INTO user_contact (id, user_id, phone_number, email_address, company_email_address, company_code, company_name, job_title, lorem) VALUES (73, 73, '6282093425895', 'candida@ovs.biz', 'nader@schowalter_llc.thd.com', '370', 'Haley, Haley and Haley', 'Procurement Clerk', 'illum excepturi qui earum exercitationem id et modi architecto ut provident labore commodi sapiente ipsum soluta magni enim. qui totam et voluptatem magni corporis dolor fuga dolores vel libero temporibus porro voluptatibus repellendus consequuntur dolorem saepe blanditiis quaerat voluptates voluptatum culpa quia aut omnis a qui saepe saepe quia sequi dolor ut quibusdam illo facere magnam modi odit accusamus dolores a nemo culpa ad eaque voluptas pariatur est enim consequatur perspiciatis similique hic quis qui dolorem ipsum quo et fuga maiores non ullam ut doloribus similique repudiandae pariatur qui ut quibusdam voluptatem aut nobis.');
INSERT INTO user_contact (id, user_id, phone_number, email_address, company_email_address, company_code, company_name, job_title, lorem) VALUES (74, 74, '6283010561279', 'o_kon@cif.net', 'keeling@jacobi_jacobi_and_jacobi.wyg.org', '470', 'Green-Green', 'Loan Officer', 'ea ut ab est qui maiores voluptatem est qui recusandae id aut rerum ut quibusdam dolores eos perferendis nihil veritatis et consequatur repudiandae est distinctio assumenda dicta quidem molestiae voluptatibus dolores non reiciendis error modi sint error nihil officia aut sit exercitationem consequatur ut voluptate accusantium atque nobis autem sint quia soluta amet molestiae ut delectus sit accusantium ut eos nihil vitae rem autem veritatis autem dolorem sequi non ea ea aut cupiditate veritatis. consequatur recusandae quibusdam vitae autem laborum occaecati architecto harum rerum maiores dolorum ab voluptate aliquam dolorem harum eos eius reiciendis doloribus iste at sunt nobis debitis aut voluptate impedit minus placeat iusto soluta quidem sed eveniet rem pariatur deleniti et ut libero voluptates nam quod eos nihil delectus fugit quae ut et.');
INSERT INTO user_contact (id, user_id, phone_number, email_address, company_email_address, company_code, company_name, job_title, lorem) VALUES (75, 75, '6285249006813', 'velma@yahoo.com', NULL, NULL, NULL, NULL, 'inventore similique voluptatem iure eveniet culpa voluptatem consequatur quia unde aut ea placeat repellendus modi et et id minus animi vitae molestias ut incidunt beatae facere ullam sunt labore provident et est ad nisi ea dolor dolor et quia est labore qui sit harum veniam explicabo modi id et voluptate quo ut recusandae iure. quibusdam sed nemo adipisci dolorem assumenda cum omnis quis nihil reiciendis quia ducimus et omnis fuga occaecati animi culpa a dolore minus molestias non distinctio et repudiandae sit consequatur veritatis dolore labore expedita ut aliquid velit dolor accusamus quasi saepe rerum rerum iste rerum sed omnis voluptatem a eos qui nulla quod et placeat veritatis animi debitis asperiores.');
INSERT INTO user_contact (id, user_id, phone_number, email_address, company_email_address, company_code, company_name, job_title, lorem) VALUES (76, 76, '6280454653177', 'o_conner.ellie@xno.com', 'alene@ruecker_ruecker_and_ruecker.lfs.net', '550', 'Romaguera, Romaguera and Romaguera', 'Motorboat Mechanic', 'accusantium saepe hic et quis ex voluptates blanditiis incidunt esse eaque explicabo dolores nostrum qui est excepturi quia iste eos architecto fugit dolor ad iure. quia consectetur libero voluptatum laborum non nobis vitae totam inventore nobis qui modi velit.');
INSERT INTO user_contact (id, user_id, phone_number, email_address, company_email_address, company_code, company_name, job_title, lorem) VALUES (77, 77, '6282824399254', 'connie.nicolas@yahoo.com', 'homenick.dante@lowe_and_sons.hlt.com', '630', 'Feest Inc', 'Arbitrator', 'qui voluptatibus temporibus perferendis et architecto voluptate in consectetur omnis suscipit voluptatibus maiores est quis repellat libero culpa repudiandae dolorem quaerat dicta voluptates praesentium voluptatum distinctio mollitia minus nam dolores incidunt eligendi nihil quaerat consequatur nihil illum aut enim quasi aliquam itaque nesciunt enim eaque molestiae ad harum accusantium soluta est sit maiores reprehenderit eos voluptatem sed asperiores ullam maiores enim accusamus omnis nisi totam. ullam necessitatibus veniam et commodi et porro quia ab ducimus dignissimos eius deserunt officia quia sed minus autem et voluptas ad dolorem eos quod cumque quae similique eos voluptatum est quia vitae dolor et nemo iste.');
INSERT INTO user_contact (id, user_id, phone_number, email_address, company_email_address, company_code, company_name, job_title, lorem) VALUES (78, 78, '6283574168805', 'daphne.gutkowski@qch.com', 'damien@conroy_ltd.htd.com', '450', 'Dare, Dare and Dare', 'Claims Taker', 'aut enim dicta optio omnis unde incidunt iusto est quidem. non et ut officiis id ut omnis quas provident sapiente delectus saepe ipsam vel molestiae minima ex ipsa architecto ut nulla sed quas aperiam ut qui est ab enim hic fuga odit dolores eos quia quae eum accusantium doloremque non ab at voluptas sed ipsam ducimus corporis suscipit illo doloremque aut ut sit quia et error ut est et voluptates quis aliquid error ut corrupti nesciunt porro quidem quam expedita necessitatibus non voluptas enim consequatur autem qui ratione voluptatibus ea voluptas et sapiente occaecati adipisci aut molestiae incidunt aut saepe sit beatae reprehenderit ullam impedit odio.');
INSERT INTO user_contact (id, user_id, phone_number, email_address, company_email_address, company_code, company_name, job_title, lorem) VALUES (79, 79, '6287335639189', 'erick.mueller@bef.com', 'erna.gottlieb@gutmann_plc.vou.info', '220', 'Hermann, Hermann and Hermann', 'GED Teacher', 'qui sit maiores ut in omnis ipsa a pariatur voluptatem cupiditate aliquid omnis et natus sit maiores voluptas perferendis ut exercitationem reprehenderit natus enim suscipit reiciendis error possimus dolor iste hic dolorum quas necessitatibus dolor mollitia odit veritatis aut ad aperiam facilis maxime sint veritatis atque dolores molestiae qui laborum suscipit quidem est tempore libero neque molestiae esse est dolor ea cumque qui non dolores minus quas autem enim ipsam quia et qui magnam pariatur quaerat est architecto nesciunt pariatur magnam veritatis maxime officiis porro consectetur unde nisi ab fugiat alias numquam labore quia vitae soluta dolore earum. doloremque aut eius sapiente et est quis sit repellat et quisquam laudantium nulla quisquam soluta voluptatem ad veniam quaerat ut dignissimos nisi sapiente aspernatur omnis omnis et est fugiat hic numquam eveniet ratione consequatur rerum officia consequatur tempore illo ratione modi vel nemo autem est explicabo est itaque laudantium omnis saepe omnis odio incidunt adipisci nihil totam non tempora commodi non ducimus consequatur aperiam occaecati nostrum eaque impedit dolores consequuntur qui.');
INSERT INTO user_contact (id, user_id, phone_number, email_address, company_email_address, company_code, company_name, job_title, lorem) VALUES (80, 80, '6284045298277', 'houston@ylw.info', NULL, NULL, NULL, NULL, 'reiciendis ipsa facilis voluptas corporis aut pariatur tenetur distinctio sit aperiam optio quia molestiae sapiente a harum quidem officiis officia illo nobis accusantium suscipit veniam aperiam sint sapiente quod est atque et voluptatem. ducimus aut nostrum ut quisquam eum aut ipsum incidunt vitae nam perferendis ea ullam nemo sit molestiae recusandae et quaerat quia sint necessitatibus nihil qui ullam fuga ut alias reiciendis tempora eum libero sunt voluptatem et est vel voluptas tempora reprehenderit veritatis fuga molestiae libero voluptate quia voluptate est qui accusantium corrupti perferendis similique.');
INSERT INTO user_contact (id, user_id, phone_number, email_address, company_email_address, company_code, company_name, job_title, lorem) VALUES (81, 81, '6289364376672', 'lafayette@hzb.com', 'quigley@fahey_group.yrx.com', '220', 'Bayer Inc', 'Carpet Installer', 'numquam sit vitae minima officiis praesentium tempore suscipit molestiae est qui molestiae sunt natus consequuntur voluptatem qui sapiente laudantium impedit est reprehenderit eaque deserunt fuga voluptas est quibusdam et eos et et dolores aliquam delectus qui et vitae odio tempore suscipit ipsum reiciendis qui laborum eligendi ipsum vel commodi modi iste nisi vero unde expedita eum consequatur consectetur iste asperiores soluta ut laborum ipsa et consequatur provident praesentium repellat dolorem omnis libero delectus perspiciatis odit dignissimos voluptas et dolores sit necessitatibus cupiditate et sed voluptatem voluptates qui. cum ut cumque est occaecati et aut tempora aut cum consequuntur nihil possimus totam non in voluptatibus voluptatum ut qui consequatur esse molestiae laborum rerum sunt accusantium qui maiores repudiandae temporibus in qui ratione aut omnis soluta optio aut eos mollitia esse quas aliquid corporis et aut qui non reiciendis assumenda est quaerat commodi voluptatibus ipsum dolorem ex a quis ad enim qui sint delectus sed quia maxime.');
INSERT INTO user_contact (id, user_id, phone_number, email_address, company_email_address, company_code, company_name, job_title, lorem) VALUES (82, 82, '6284264485828', 'kailee.bayer@wjl.info', 'marks@rice-rice.qpy.org', '680', 'Beier Inc', 'Radiologic Technician', 'occaecati enim repellat totam dolores aliquam sed dolorum repellendus est est quos laudantium exercitationem harum est. aut vel laudantium vel cumque ut sequi quo provident quis natus distinctio rerum voluptates nulla voluptas enim voluptatibus sit praesentium eaque quo aut voluptas culpa qui eos a consectetur in quos maxime sed beatae illum dolore quia enim animi in dignissimos ullam velit excepturi odit aspernatur nemo voluptatem in ullam quisquam consequatur possimus aperiam recusandae quia eos quisquam ipsam atque sint repellat itaque dolores et velit numquam nostrum impedit recusandae fugit debitis molestias molestiae fuga ullam quia earum fuga amet et cumque ullam est rerum nulla voluptas minus optio culpa est.');
INSERT INTO user_contact (id, user_id, phone_number, email_address, company_email_address, company_code, company_name, job_title, lorem) VALUES (83, 83, '6286177669513', 'bayer@ejk.com', 'cordie@howell_howell_and_howell.tno.info', '390', 'Ernser-Ernser', 'Glass Blower', 'quis voluptas aliquam quia vel laudantium provident voluptatibus eum a id aut autem omnis iure architecto velit sit cupiditate rem autem excepturi eum tempora ratione harum odit laudantium quo maxime modi aut veritatis quas non totam labore labore tenetur quis doloribus nesciunt hic doloremque voluptatem et et est eligendi id praesentium quia rerum quia odit quia blanditiis temporibus dolore possimus velit porro eos adipisci doloremque. nisi cum error aperiam est et neque qui sequi autem omnis nihil sequi harum necessitatibus natus sunt.');
INSERT INTO user_contact (id, user_id, phone_number, email_address, company_email_address, company_code, company_name, job_title, lorem) VALUES (84, 84, '6289654054905', 'myrtle@gmail.com', 'darien.hamill@dare_dare_and_dare.vmk.com', '700', 'Abernathy-Abernathy', 'Atmospheric and Space Scientist', 'exercitationem architecto blanditiis ea sed tempore magni consequatur aut laborum animi saepe beatae tenetur quo maiores accusamus cum aut architecto doloribus quas dolorem nihil nostrum voluptatum placeat ut ut dolorem omnis repellat aspernatur debitis vitae voluptatem fugit in ab. ea corrupti repellat rerum commodi eum officiis praesentium officia et impedit unde itaque dolor odit enim et nemo sed deleniti voluptatem placeat et quasi quam et consequuntur voluptas perspiciatis provident velit ullam optio nesciunt et molestiae consequuntur illum consequatur quia possimus inventore suscipit qui est dolorum quas quas cumque eum adipisci est neque rem cumque placeat perferendis officiis facere dolorem laboriosam ipsam perferendis.');
INSERT INTO user_contact (id, user_id, phone_number, email_address, company_email_address, company_code, company_name, job_title, lorem) VALUES (85, 85, '6281753663362', 'o_kon@ykv.net', NULL, NULL, NULL, NULL, 'in distinctio dolor sit ipsam expedita laudantium magni animi rerum nisi harum qui earum laborum itaque sed ut dolor vel consequuntur facilis nobis nihil labore esse iusto pariatur inventore libero consequatur minima reprehenderit aliquam aperiam autem est est eos numquam quaerat delectus laboriosam veniam error. omnis et pariatur esse tempora reiciendis velit ut ipsa porro voluptatem distinctio.');
INSERT INTO user_contact (id, user_id, phone_number, email_address, company_email_address, company_code, company_name, job_title, lorem) VALUES (86, 86, '6283509823854', 'mohammed@gmail.com', 'liana@wolff_llc.rzg.com', '590', 'Lowe, Lowe and Lowe', 'Music Director', 'voluptas sed fuga omnis minus beatae aspernatur at rerum unde dolorum dolore quia ipsum et sed eum fugiat sit aut quas placeat voluptatem quod excepturi sit at dolorum quis et et esse voluptates ut ipsum ex earum aliquid maxime quia sit sapiente fuga nesciunt tenetur dolorem voluptatem aspernatur officia voluptate error iusto qui commodi possimus nihil pariatur dolorum et dolorem odio quisquam ipsa ea aspernatur fuga esse adipisci ea ut deserunt qui itaque expedita officiis tempora quisquam delectus. mollitia sed et nobis porro nihil aliquid et voluptas reprehenderit veritatis dolores veritatis temporibus unde ad debitis voluptatem aut animi et aliquid eos laboriosam quasi neque beatae mollitia sint ex ipsum repudiandae accusantium et harum in quo voluptas voluptas eos et ratione mollitia nostrum.');
INSERT INTO user_contact (id, user_id, phone_number, email_address, company_email_address, company_code, company_name, job_title, lorem) VALUES (87, 87, '6284738022745', 'gerhold.arnulfo@gmail.com', 'sarina.pagac@hayes_hayes_and_hayes.rkr.net', '550', 'Torphy-Torphy', 'Production Control Manager', 'enim aut voluptas nihil aut enim fuga laudantium dolorem vitae officiis ut recusandae tempora ipsum et rerum quos fuga ea deserunt consequatur et reiciendis labore quae tenetur maxime natus illum deserunt. molestias eaque accusantium veritatis corporis earum unde sed aspernatur est ut voluptate non ullam libero blanditiis.');
INSERT INTO user_contact (id, user_id, phone_number, email_address, company_email_address, company_code, company_name, job_title, lorem) VALUES (88, 88, '6287859447925', 'pierre@yahoo.com', 'dicki@satterfield_satterfield_and_satterfield.psw.com', '790', 'Cruickshank LLC', 'Photoengraving Machine Operator', 'cupiditate dolorum est tempore cum sunt sed non et similique amet sed voluptate et voluptate. soluta eveniet quae vel quis ipsam inventore magni corporis omnis tempore eius sint ut distinctio repudiandae accusamus aperiam voluptas.');
INSERT INTO user_contact (id, user_id, phone_number, email_address, company_email_address, company_code, company_name, job_title, lorem) VALUES (89, 89, '6285832224071', 'elsa@gmail.com', 'barrows.adrianna@brekke-brekke.ybt.com', '550', 'McCullough-McCullough', 'Semiconductor Processor', 'est quia laborum in mollitia veritatis aliquam voluptas rerum magnam corrupti quia velit autem praesentium alias et rerum quia possimus consequatur molestias consequatur natus error atque et expedita non est sed illum vel sint incidunt vitae est earum sed nostrum temporibus quae quibusdam pariatur et quas culpa quaerat laborum voluptatum voluptas consequatur id tempora similique consectetur nemo iusto occaecati a voluptas sint optio et rem veniam fuga et nihil soluta consequatur eos quia expedita enim eos facere non deserunt id deserunt nesciunt nihil rerum animi modi ratione nihil placeat accusamus quia. laboriosam sequi aut recusandae cumque maiores ipsa mollitia molestiae provident voluptatibus et consequatur occaecati tenetur et modi natus officia dolorem quia perferendis corporis maxime officia temporibus voluptate voluptatem inventore est voluptatum soluta est qui a necessitatibus magni.');
INSERT INTO user_contact (id, user_id, phone_number, email_address, company_email_address, company_code, company_name, job_title, lorem) VALUES (90, 90, '6285660174190', 'abdiel@yahoo.com', NULL, NULL, NULL, NULL, 'doloremque asperiores excepturi rerum aut officiis in labore saepe sequi aperiam deleniti est quam possimus accusamus beatae ipsam consequuntur perspiciatis dolores porro voluptatem maiores voluptatum possimus blanditiis eum repellat aut incidunt veniam dolorem blanditiis. nulla tempore maxime sapiente pariatur rem repellat nihil delectus nulla blanditiis perferendis eaque in qui ut est odio et soluta ut quia praesentium id cumque voluptatem et et ab similique nostrum qui inventore earum accusantium culpa perspiciatis quibusdam.');
INSERT INTO user_contact (id, user_id, phone_number, email_address, company_email_address, company_code, company_name, job_title, lorem) VALUES (91, 91, '6289219382193', 'berge.nora@tsk.com', 'conn.anastacio@crist_crist_and_crist.cbe.com', '840', 'Reinger, Reinger and Reinger', 'Dental Laboratory Technician', 'modi eligendi voluptas id saepe autem temporibus magnam aut tempore ipsa omnis et nostrum eos rerum sit et occaecati ut sunt numquam deserunt minima voluptatem odit eveniet saepe neque unde itaque tempora tenetur excepturi sint non tempora rerum recusandae. sed voluptatum quis quia quia velit earum eos consectetur delectus tempora et dolore recusandae cum ut qui praesentium assumenda itaque laudantium eveniet deserunt voluptatem atque molestiae corrupti quis ut voluptatem aspernatur inventore expedita deserunt enim exercitationem aut vero.');
INSERT INTO user_contact (id, user_id, phone_number, email_address, company_email_address, company_code, company_name, job_title, lorem) VALUES (92, 92, '6289427326773', 'isobel@hotmail.com', 'wyman@parker_llc.cpq.com', '550', 'Schneider, Schneider and Schneider', 'Janitor', 'sequi debitis qui sit est sint aspernatur non explicabo quo aliquam dolorem non dicta quibusdam et eum est nobis omnis quia nesciunt iusto nostrum a at quo pariatur sunt. eos sunt odio dignissimos sunt similique et ea maxime reprehenderit cupiditate modi pariatur omnis consectetur et vel alias eligendi blanditiis qui assumenda atque voluptatem sint sequi et porro dolor maiores doloremque labore ea at sapiente odit aut nobis sunt velit eum dolorem in rerum corrupti repudiandae culpa iusto voluptatem nihil reprehenderit accusantium nihil nemo qui ea nulla enim reiciendis.');
INSERT INTO user_contact (id, user_id, phone_number, email_address, company_email_address, company_code, company_name, job_title, lorem) VALUES (93, 93, '6284116308116', 'mohr.kurtis@yahoo.com', 'janiya@farrell_plc.bns.com', '750', 'Kreiger Ltd', 'Computer Programmer', 'unde nobis vel nihil suscipit molestiae maxime non enim fuga sit suscipit quo blanditiis incidunt debitis est ut eum pariatur est molestias eos deserunt et accusamus aspernatur ipsa adipisci et dignissimos ut fugit. sed autem magni tenetur qui ad explicabo qui et voluptates ea blanditiis eum fugiat placeat nulla hic necessitatibus ipsa aliquid ea error autem fuga est qui quia voluptatem velit velit voluptatem adipisci ea recusandae recusandae impedit ab soluta a dicta dolorem dolorum excepturi optio eligendi pariatur id perferendis est est error accusantium et eum possimus vitae.');
INSERT INTO user_contact (id, user_id, phone_number, email_address, company_email_address, company_code, company_name, job_title, lorem) VALUES (94, 94, '6288730435829', 'hoeger@hotmail.com', 'maggio@barton_ltd.joy.com', '440', 'Gorczany, Gorczany and Gorczany', 'Locomotive Engineer', 'quis quia impedit et numquam tempore natus porro aut soluta qui voluptatibus repellendus incidunt quia quidem nesciunt nihil fugiat nesciunt est aliquam unde dolores voluptas eum quisquam non praesentium hic optio ut omnis labore voluptate provident necessitatibus. consequatur molestiae omnis velit et dignissimos est dolorum iste quaerat expedita amet eum est laborum doloremque dolores laboriosam ut consequatur optio qui quibusdam asperiores nam doloribus.');
INSERT INTO user_contact (id, user_id, phone_number, email_address, company_email_address, company_code, company_name, job_title, lorem) VALUES (95, 95, '6284217699379', 'alicia.osinski@gmail.com', NULL, NULL, NULL, NULL, 'omnis possimus qui fugiat quia dolorem sit blanditiis facilis dolores. quia tenetur optio rem debitis ut impedit quia id dolor nihil numquam et est numquam ullam optio tempora voluptas ipsa omnis nihil nihil aut rerum et eum consequatur voluptas consequatur fugit et hic assumenda dolores placeat qui possimus ea fugiat qui sunt odit aliquid eos quia quia commodi asperiores.');
INSERT INTO user_contact (id, user_id, phone_number, email_address, company_email_address, company_code, company_name, job_title, lorem) VALUES (96, 96, '6283621537540', 'collins.dylan@hotmail.com', 'gusikowski.amparo@reichert_group.xiv.com', '770', 'Kessler, Kessler and Kessler', 'Travel Clerk', 'architecto eaque excepturi est omnis sapiente aut vitae est voluptatem ad laboriosam explicabo qui voluptate et excepturi inventore quaerat beatae fugiat illo quam sint nobis maiores iusto ea vitae mollitia qui facilis odio delectus aspernatur incidunt non ut voluptatibus eveniet exercitationem qui ducimus illum iusto consequatur et reprehenderit deserunt. modi neque quia quam dolores explicabo beatae fugiat pariatur error sed dolor ut itaque similique et doloremque voluptatum temporibus ea quae repellat deserunt vero culpa officia atque nulla voluptates cupiditate dolor et ea quas occaecati sit aut at veritatis et quod earum quas consequatur quaerat dolores ad iste atque maiores ut asperiores enim unde doloremque consequatur tempore iste consequatur eveniet quia soluta ipsa non totam voluptatum dicta pariatur velit.');
INSERT INTO user_contact (id, user_id, phone_number, email_address, company_email_address, company_code, company_name, job_title, lorem) VALUES (97, 97, '6289768237973', 'mosciski@lac.info', 'brandon@hayes_hayes_and_hayes.zqg.com', '520', 'Cummerata-Cummerata', 'Artillery Crew Member', 'omnis cum sit explicabo exercitationem tempore assumenda consequuntur laudantium consequatur quibusdam occaecati cumque alias facilis enim corrupti nostrum et vero asperiores quo illo quo et modi minima est autem debitis quam iste corrupti aut in facere consectetur tempora nostrum maxime hic sed qui doloremque nisi aut quaerat quaerat quaerat voluptatibus saepe quia voluptates veritatis voluptas ut dolorem ut repudiandae voluptatem et laborum ex enim sed cumque quo unde tempora qui repellat est cupiditate voluptatem fugit ex impedit saepe cum ullam mollitia laborum adipisci aut aut dolorem nisi nobis molestias adipisci nostrum repellat perferendis quo laudantium sapiente aliquam laudantium assumenda. dolor exercitationem harum cupiditate hic fugiat qui dolore et qui ut atque explicabo est aspernatur aliquid perferendis excepturi animi ipsa officiis nulla et amet alias beatae ad delectus eaque doloremque in eos et laboriosam ut ipsam magnam sequi pariatur asperiores dolores voluptate dolor necessitatibus est similique natus ipsa sequi repudiandae aut ullam eos aut veniam et commodi enim id.');
INSERT INTO user_contact (id, user_id, phone_number, email_address, company_email_address, company_code, company_name, job_title, lorem) VALUES (98, 98, '6287847599110', 'bechtelar@gml.com', 'senger.kennith@hintz-hintz.uiz.biz', '850', 'Dietrich, Dietrich and Dietrich', 'Production Manager', 'illo accusantium eum enim eius incidunt voluptas eos veniam minima illum voluptas similique ab enim animi beatae architecto sequi sit eum est beatae eos dolores dolor eveniet id autem culpa a eaque nulla. unde dolores ipsam sit nihil et perspiciatis excepturi consequatur odio dolor vitae deserunt aut quae vero voluptatibus eligendi et quos consequatur mollitia id voluptates nemo molestiae repellendus mollitia eligendi dolor saepe dolores rem doloribus dolorum odit eius modi repellat corrupti et nostrum est sequi quia modi saepe accusamus esse ut assumenda sunt natus inventore animi ut voluptatem fugiat rerum in doloremque eos quia quibusdam id eos laboriosam.');
INSERT INTO user_contact (id, user_id, phone_number, email_address, company_email_address, company_code, company_name, job_title, lorem) VALUES (99, 99, '6286659068233', 'magali.wiza@gmail.com', 'hegmann.kaylin@durgan-durgan.nhe.com', '390', 'Murazik, Murazik and Murazik', 'Dental Laboratory Technician', 'optio est quos sapiente corporis a similique fuga ea voluptatem quis voluptas consectetur perferendis voluptas nam quam eum blanditiis et provident sint explicabo pariatur laudantium saepe quos non vitae delectus tempore aut harum veniam non aut nesciunt autem sed nisi sed eos consequatur commodi quia alias qui ut sed quibusdam ducimus ut sapiente in magni et eos at voluptates dolorum perferendis. aut quibusdam id accusantium magni quidem nam sed cupiditate suscipit facilis non aut non ut quod aut dolore rerum voluptas tenetur sunt hic vero exercitationem est voluptas nihil sit maiores id ex quidem ipsa provident commodi reprehenderit nulla est maiores minus dolorum voluptatem facere vitae deserunt aut cum eaque voluptatem ea deleniti labore officia consectetur et aut doloribus est dolorum expedita.');




-- TABLE USER ADDRESS
INSERT INTO user_address (id, user_id, state, building_number, city, street_name, post_code, country, latitude, longitude) VALUES (0, 0, 'Connecticut', '0060', 'Cleoland', 'Dietrich Canyon', '55226', 'Ireland', 9.711162, 4.484884);
INSERT INTO user_address (id, user_id, state, building_number, city, street_name, post_code, country, latitude, longitude) VALUES (1, 1, 'Missouri', '109', 'Lake Estelle', 'Monahan Islands', '19383', 'China', 3.996745, 31.806403);
INSERT INTO user_address (id, user_id, state, building_number, city, street_name, post_code, country, latitude, longitude) VALUES (2, 2, 'Florida', '2688', 'Spencertown', 'Hand Alley', '48540-5920', 'Japan', 63.471616, 43.679582);
INSERT INTO user_address (id, user_id, state, building_number, city, street_name, post_code, country, latitude, longitude) VALUES (3, 3, 'South Carolina', '65', 'Funkburgh', 'Hodkiewicz Islands', '47158-7939', 'Cameroon', 38.447218, 21.530026);
INSERT INTO user_address (id, user_id, state, building_number, city, street_name, post_code, country, latitude, longitude) VALUES (4, 4, 'Pennsylvania', '4983', 'Wilfredobury', 'Crona Meadow', '31638', 'South Korea', 46.903248, 77.973284);
INSERT INTO user_address (id, user_id, state, building_number, city, street_name, post_code, country, latitude, longitude) VALUES (5, 5, 'Wisconsin', '7133', 'Port Davonte', 'Brisa Rapid', '01771-7219', 'England', 83.199876, 67.229652);
INSERT INTO user_address (id, user_id, state, building_number, city, street_name, post_code, country, latitude, longitude) VALUES (6, 6, 'Alaska', '7105', 'Schoentown', 'Aryanna Cove', '61559', 'Norfolk Island', 41.540992, 69.569059);
INSERT INTO user_address (id, user_id, state, building_number, city, street_name, post_code, country, latitude, longitude) VALUES (7, 7, 'Oklahoma', '1740', 'Lake Aricshire', 'Moore Crossing', '34425-3283', 'Svalbard & Jan Mayen Islands', 37.785312, 68.259838);
INSERT INTO user_address (id, user_id, state, building_number, city, street_name, post_code, country, latitude, longitude) VALUES (8, 8, 'Kansas', '7854', 'Lake Sibylborough', 'Waelchi Extensions', '27273-2668', 'Egypt', 80.998087, 94.431556);
INSERT INTO user_address (id, user_id, state, building_number, city, street_name, post_code, country, latitude, longitude) VALUES (9, 9, 'Idaho', '7241', 'Lake Bridget', 'Nitzsche Island', '64865-0016', 'Italy', 23.184384, 47.571858);
INSERT INTO user_address (id, user_id, state, building_number, city, street_name, post_code, country, latitude, longitude) VALUES (10, 10, 'Nevada', '8309', 'South Chadrick', 'Pat Stream', '10206', 'Kyrgyz Republic', 74.477546, 43.445438);
INSERT INTO user_address (id, user_id, state, building_number, city, street_name, post_code, country, latitude, longitude) VALUES (11, 11, 'Georgia', '94', 'Cruickshankbury', 'Bauch Spring', '90306-3812', 'Germany', 36.331071, 92.705664);
INSERT INTO user_address (id, user_id, state, building_number, city, street_name, post_code, country, latitude, longitude) VALUES (12, 12, 'Illinois', '87', 'Terryborough', 'Suzanne Common', '92580-5461', 'USA', 14.787999, 33.693566);
INSERT INTO user_address (id, user_id, state, building_number, city, street_name, post_code, country, latitude, longitude) VALUES (13, 13, 'North Dakota', '407', 'Baumbachhaven', 'Doyle Summit', '87313-2391', 'Japan', 28.861543, 83.452937);
INSERT INTO user_address (id, user_id, state, building_number, city, street_name, post_code, country, latitude, longitude) VALUES (14, 14, 'Washington', '816', 'North Sunnyhaven', 'Lakin Rest', '23913', 'Iceland', 5.394612, 92.22344);
INSERT INTO user_address (id, user_id, state, building_number, city, street_name, post_code, country, latitude, longitude) VALUES (15, 15, 'Wisconsin', '7500', 'North Fernandoborough', 'Jerrell Oval', '63947', 'Germany', 57.847292, 72.410804);
INSERT INTO user_address (id, user_id, state, building_number, city, street_name, post_code, country, latitude, longitude) VALUES (16, 16, 'Florida', '662', 'New Melodymouth', 'Delphine Valleys', '85908', 'Yemen', 46.774259, 15.290369);
INSERT INTO user_address (id, user_id, state, building_number, city, street_name, post_code, country, latitude, longitude) VALUES (17, 17, 'Oregon', '29', 'West Kierantown', 'Jamison Corners', '86557', 'Armenia', 66.123765, 75.308452);
INSERT INTO user_address (id, user_id, state, building_number, city, street_name, post_code, country, latitude, longitude) VALUES (18, 18, 'Washington', '90', 'West Rick', 'Winfield Heights', '35873-7861', 'England', 92.701086, 22.740182);
INSERT INTO user_address (id, user_id, state, building_number, city, street_name, post_code, country, latitude, longitude) VALUES (19, 19, 'District of Columbia', '59', 'West Theresiaview', 'Ondricka Lodge', '76038', 'Japan', 53.938627, 8.922112);
INSERT INTO user_address (id, user_id, state, building_number, city, street_name, post_code, country, latitude, longitude) VALUES (20, 20, 'Mississippi', '89', 'Mossieview', 'Lavon Islands', '97535-3358', 'Germany', 10.996521, 39.6535);
INSERT INTO user_address (id, user_id, state, building_number, city, street_name, post_code, country, latitude, longitude) VALUES (21, 21, 'Colorado', '47', 'South Callieview', 'Batz Forge', '08996', 'Germany', 13.581047, 39.287273);
INSERT INTO user_address (id, user_id, state, building_number, city, street_name, post_code, country, latitude, longitude) VALUES (22, 22, 'New Mexico', '6813', 'Kozeystad', 'Block Village', '34020', 'Japan', 50.895654, 25.566013);
INSERT INTO user_address (id, user_id, state, building_number, city, street_name, post_code, country, latitude, longitude) VALUES (23, 23, 'Wyoming', '744', 'West Nella', 'Jaskolski Isle', '20939-5046', 'Japan', 15.273507, 77.274766);
INSERT INTO user_address (id, user_id, state, building_number, city, street_name, post_code, country, latitude, longitude) VALUES (24, 24, 'Idaho', '95', 'Eldredberg', 'O"Conner Crescent', '26649', 'China', 7.654296, 27.508173);
INSERT INTO user_address (id, user_id, state, building_number, city, street_name, post_code, country, latitude, longitude) VALUES (25, 25, 'Tennessee', '2152', 'Stromanfurt', 'Vena Brook', '01793', 'Chad', 74.686074, 5.376444);
INSERT INTO user_address (id, user_id, state, building_number, city, street_name, post_code, country, latitude, longitude) VALUES (26, 26, 'Alaska', '432', 'Lake Hector', 'Denesik Courts', '85496-0551', 'USA', 99.361183, 89.020801);
INSERT INTO user_address (id, user_id, state, building_number, city, street_name, post_code, country, latitude, longitude) VALUES (27, 27, 'Maryland', '2691', 'Imaniland', 'Austyn Mountains', '07345-1131', 'USA', 26.785537, 24.011215);
INSERT INTO user_address (id, user_id, state, building_number, city, street_name, post_code, country, latitude, longitude) VALUES (28, 28, 'Washington', '791', 'Heatherfort', 'Schamberger Trafficway', '64571-6382', 'Germany', 99.967255, 9.731511);
INSERT INTO user_address (id, user_id, state, building_number, city, street_name, post_code, country, latitude, longitude) VALUES (29, 29, 'New York', '225', 'South Phoebe', 'Lesley Bypass', '88349-9121', 'Italy', 56.658018, 71.304844);
INSERT INTO user_address (id, user_id, state, building_number, city, street_name, post_code, country, latitude, longitude) VALUES (30, 30, 'Oklahoma', '89', 'North Dorisshire', 'Hilll Island', '64285', 'Japan', 89.553689, 43.842);
INSERT INTO user_address (id, user_id, state, building_number, city, street_name, post_code, country, latitude, longitude) VALUES (31, 31, 'Wisconsin', '88', 'Nolanview', 'Ledner Ways', '84640-7024', 'Japan', 28.225739, 71.450889);
INSERT INTO user_address (id, user_id, state, building_number, city, street_name, post_code, country, latitude, longitude) VALUES (32, 32, 'Tennessee', '620', 'New Kallie', 'Filiberto Ridges', '15533', 'Italy', 85.411702, 25.713991);
INSERT INTO user_address (id, user_id, state, building_number, city, street_name, post_code, country, latitude, longitude) VALUES (33, 33, 'Montana', '423', 'East Bernice', 'Prosacco Plaza', '30142', 'Netherlands', 31.575419, 30.682172);
INSERT INTO user_address (id, user_id, state, building_number, city, street_name, post_code, country, latitude, longitude) VALUES (34, 34, 'Tennessee', '49', 'North Dominic', 'Weber Glen', '43100-6937', 'England', 44.809192, 74.356847);
INSERT INTO user_address (id, user_id, state, building_number, city, street_name, post_code, country, latitude, longitude) VALUES (35, 35, 'Wisconsin', '02', 'South Freddymouth', 'Nyah Port', '30122-9416', 'Japan', 37.873967, 39.204682);
INSERT INTO user_address (id, user_id, state, building_number, city, street_name, post_code, country, latitude, longitude) VALUES (36, 36, 'Nevada', '6452', 'Aracelyberg', 'Garret Squares', '90363', 'Hungary', 49.915395, 37.50762);
INSERT INTO user_address (id, user_id, state, building_number, city, street_name, post_code, country, latitude, longitude) VALUES (37, 37, 'Tennessee', '482', 'New Laishaborough', 'Breitenberg Mission', '43997', 'Niger', 40.763555, 53.199859);
INSERT INTO user_address (id, user_id, state, building_number, city, street_name, post_code, country, latitude, longitude) VALUES (38, 38, 'Texas', '574', 'Ardenfort', 'Melba Loop', '05940', 'Italy', 24.63888, 99.691986);
INSERT INTO user_address (id, user_id, state, building_number, city, street_name, post_code, country, latitude, longitude) VALUES (39, 39, 'Florida', '249', 'Bufordland', 'Daugherty Glens', '17949', 'South Korea', 52.20066, 94.272537);
INSERT INTO user_address (id, user_id, state, building_number, city, street_name, post_code, country, latitude, longitude) VALUES (40, 40, 'Michigan', '808', 'Port Justine', 'Armstrong Crossing', '93561', 'Iran', 41.091607, 20.212684);
INSERT INTO user_address (id, user_id, state, building_number, city, street_name, post_code, country, latitude, longitude) VALUES (41, 41, 'Arkansas', '49', 'North Domenicland', 'Camren Gateway', '40092-7455', 'Luxembourg', 4.155657, 8.280281);
INSERT INTO user_address (id, user_id, state, building_number, city, street_name, post_code, country, latitude, longitude) VALUES (42, 42, 'North Carolina', '1829', 'Yostbury', 'Dooley Loaf', '37235', 'China', 17.648458, 92.342811);
INSERT INTO user_address (id, user_id, state, building_number, city, street_name, post_code, country, latitude, longitude) VALUES (43, 43, 'Louisiana', '135', 'Maxiehaven', 'Mosciski Summit', '08162-0747', 'Mongolia', 8.702594, 11.624009);
INSERT INTO user_address (id, user_id, state, building_number, city, street_name, post_code, country, latitude, longitude) VALUES (44, 44, 'Connecticut', '261', 'Dinomouth', 'Ruecker Haven', '29420-4432', 'Japan', 63.577606, 67.673338);
INSERT INTO user_address (id, user_id, state, building_number, city, street_name, post_code, country, latitude, longitude) VALUES (45, 45, 'New York', '4832', 'Newellshire', 'Winston Trail', '55876-2603', 'Germany', 45.692286, 20.847461);
INSERT INTO user_address (id, user_id, state, building_number, city, street_name, post_code, country, latitude, longitude) VALUES (46, 46, 'New Hampshire', '045', 'Lake Mervin', 'Verlie Green', '94035-7430', 'Ireland', 56.886367, 21.6571);
INSERT INTO user_address (id, user_id, state, building_number, city, street_name, post_code, country, latitude, longitude) VALUES (47, 47, 'Nevada', '222', 'Ethelynfort', 'Osinski Underpass', '73238', 'USA', 57.359603, 54.895756);
INSERT INTO user_address (id, user_id, state, building_number, city, street_name, post_code, country, latitude, longitude) VALUES (48, 48, 'West Virginia', '156', 'East Amparo', 'Jade Neck', '69499-8770', 'Timor-Leste', 55.917915, 31.332608);
INSERT INTO user_address (id, user_id, state, building_number, city, street_name, post_code, country, latitude, longitude) VALUES (49, 49, 'Alaska', '92', 'Grahammouth', 'Larkin Ford', '75761', 'USA', 5.985677, 92.115187);
INSERT INTO user_address (id, user_id, state, building_number, city, street_name, post_code, country, latitude, longitude) VALUES (50, 50, 'Illinois', '6843', 'New Wilmer', 'Lenora Avenue', '05593-0885', 'Barbados', 94.70075, 35.703083);
INSERT INTO user_address (id, user_id, state, building_number, city, street_name, post_code, country, latitude, longitude) VALUES (51, 51, 'Wisconsin', '26', 'Durwardburgh', 'Hyatt Via', '57209', 'Togo', 44.892542, 84.862608);
INSERT INTO user_address (id, user_id, state, building_number, city, street_name, post_code, country, latitude, longitude) VALUES (52, 52, 'Ohio', '198', 'Nellaland', 'Charley Dale', '31341-2214', 'South Korea', 78.593474, 4.188162);
INSERT INTO user_address (id, user_id, state, building_number, city, street_name, post_code, country, latitude, longitude) VALUES (53, 53, 'Texas', '4927', 'East Mackenziehaven', 'Glover Stravenue', '04722-1308', 'Solomon Islands', 9.535936, 81.628633);
INSERT INTO user_address (id, user_id, state, building_number, city, street_name, post_code, country, latitude, longitude) VALUES (54, 54, 'Pennsylvania', '335', 'West Margeland', 'Kirk Park', '80075-5779', 'USA', 38.951543, 48.250101);
INSERT INTO user_address (id, user_id, state, building_number, city, street_name, post_code, country, latitude, longitude) VALUES (55, 55, 'Indiana', '7929', 'North Blanche', 'Stracke Haven', '71062-2012', 'Australia', 74.245348, 74.202545);
INSERT INTO user_address (id, user_id, state, building_number, city, street_name, post_code, country, latitude, longitude) VALUES (56, 56, 'Arizona', '468', 'Abernathyport', 'Ledner Manors', '94284-0720', 'Germany', 82.943273, 78.297607);
INSERT INTO user_address (id, user_id, state, building_number, city, street_name, post_code, country, latitude, longitude) VALUES (57, 57, 'Nebraska', '961', 'Kaylahborough', 'Macejkovic Expressway', '12209', 'Japan', 56.983145, 91.304196);
INSERT INTO user_address (id, user_id, state, building_number, city, street_name, post_code, country, latitude, longitude) VALUES (58, 58, 'Massachusetts', '30', 'Braunchester', 'Loraine Street', '18716-1763', 'Monaco', 11.692122, 64.667331);
INSERT INTO user_address (id, user_id, state, building_number, city, street_name, post_code, country, latitude, longitude) VALUES (59, 59, 'Delaware', '6637', 'Torphyborough', 'Pascale Forest', '77935', 'Mauritania', 60.499243, 28.588725);
INSERT INTO user_address (id, user_id, state, building_number, city, street_name, post_code, country, latitude, longitude) VALUES (60, 60, 'Maryland', '084', 'North Alfred', 'Hand Spring', '87695', 'South Korea', 78.318532, 79.961944);
INSERT INTO user_address (id, user_id, state, building_number, city, street_name, post_code, country, latitude, longitude) VALUES (61, 61, 'New Jersey', '20', 'Raynorhaven', 'Americo Plains', '15000-6152', 'Germany', 22.070019, 32.791558);
INSERT INTO user_address (id, user_id, state, building_number, city, street_name, post_code, country, latitude, longitude) VALUES (62, 62, 'New Jersey', '12', 'North Sagestad', 'Paula Passage', '21613', 'French Polynesia', 87.73946, 0.685484);
INSERT INTO user_address (id, user_id, state, building_number, city, street_name, post_code, country, latitude, longitude) VALUES (63, 63, 'Virginia', '305', 'Ortizfort', 'Tanya Ville', '93350-9589', 'England', 40.574248, 75.975392);
INSERT INTO user_address (id, user_id, state, building_number, city, street_name, post_code, country, latitude, longitude) VALUES (64, 64, 'Minnesota', '4434', 'South Andersonport', 'Britney Throughway', '71690-2580', 'Japan', 56.35501, 52.675883);
INSERT INTO user_address (id, user_id, state, building_number, city, street_name, post_code, country, latitude, longitude) VALUES (65, 65, 'Florida', '82', 'West Nichole', 'Nils Shore', '19532', 'USA', 10.957194, 13.3742);
INSERT INTO user_address (id, user_id, state, building_number, city, street_name, post_code, country, latitude, longitude) VALUES (66, 66, 'Iowa', '0413', 'Port Gaetanoberg', 'Valentin Parkways', '78590', 'Faroe Islands', 39.534443, 26.083463);
INSERT INTO user_address (id, user_id, state, building_number, city, street_name, post_code, country, latitude, longitude) VALUES (67, 67, 'Wyoming', '78', 'Schoenside', 'Bode Light', '99607-3873', 'Japan', 89.17255, 61.621931);
INSERT INTO user_address (id, user_id, state, building_number, city, street_name, post_code, country, latitude, longitude) VALUES (68, 68, 'Connecticut', '78', 'West Abdiel', 'Bert Springs', '32547', 'Ethiopia', 39.145071, 20.404304);
INSERT INTO user_address (id, user_id, state, building_number, city, street_name, post_code, country, latitude, longitude) VALUES (69, 69, 'Alabama', '804', 'North Isidro', 'Keara Inlet', '60910-8451', 'Guam', 34.243275, 63.137149);
INSERT INTO user_address (id, user_id, state, building_number, city, street_name, post_code, country, latitude, longitude) VALUES (70, 70, 'Wisconsin', '736', 'New Alejandrin', 'Trever Avenue', '10343', 'China', 72.586036, 83.400856);
INSERT INTO user_address (id, user_id, state, building_number, city, street_name, post_code, country, latitude, longitude) VALUES (71, 71, 'California', '18', 'West Yesenia', 'Winnifred Mission', '90702-7855', 'Christmas Island', 48.371898, 7.896787);
INSERT INTO user_address (id, user_id, state, building_number, city, street_name, post_code, country, latitude, longitude) VALUES (72, 72, 'Illinois', '581', 'North Koby', 'Gorczany Causeway', '19792-9168', 'USA', 76.053429, 7.145888);
INSERT INTO user_address (id, user_id, state, building_number, city, street_name, post_code, country, latitude, longitude) VALUES (73, 73, 'Michigan', '80', 'North Greysonchester', 'Trantow Track', '43697-6355', 'Japan', 77.647835, 99.808351);
INSERT INTO user_address (id, user_id, state, building_number, city, street_name, post_code, country, latitude, longitude) VALUES (74, 74, 'Massachusetts', '984', 'North Gilbert', 'Horace Square', '47655-9372', 'USA', 33.203439, 31.697584);
INSERT INTO user_address (id, user_id, state, building_number, city, street_name, post_code, country, latitude, longitude) VALUES (75, 75, 'Ohio', '37', 'Rippinville', 'Amber Vista', '88929-1816', 'Italy', 3.164317, 42.484805);
INSERT INTO user_address (id, user_id, state, building_number, city, street_name, post_code, country, latitude, longitude) VALUES (76, 76, 'Oregon', '2522', 'South Minervachester', 'Kris Ville', '58130', 'Cameroon', 3.138794, 55.437868);
INSERT INTO user_address (id, user_id, state, building_number, city, street_name, post_code, country, latitude, longitude) VALUES (77, 77, 'Montana', '6678', 'Roychester', 'Abby Ways', '40295-9386', 'Japan', 86.518045, 77.225328);
INSERT INTO user_address (id, user_id, state, building_number, city, street_name, post_code, country, latitude, longitude) VALUES (78, 78, 'South Carolina', '25', 'Lake Thaddeusborough', 'Heaven Brook', '05028-0850', 'England', 76.233784, 19.264789);
INSERT INTO user_address (id, user_id, state, building_number, city, street_name, post_code, country, latitude, longitude) VALUES (79, 79, 'Nevada', '12', 'Adellside', 'Waelchi Oval', '86091-8209', 'Mali', 94.566107, 86.211834);
INSERT INTO user_address (id, user_id, state, building_number, city, street_name, post_code, country, latitude, longitude) VALUES (80, 80, 'California', '285', 'West Marionborough', 'Upton Mission', '31350-3849', 'South Korea', 17.904589, 7.887582);
INSERT INTO user_address (id, user_id, state, building_number, city, street_name, post_code, country, latitude, longitude) VALUES (81, 81, 'Florida', '58', 'East Justusmouth', 'Milan Harbors', '19592-0772', 'Germany', 16.281884, 44.791802);
INSERT INTO user_address (id, user_id, state, building_number, city, street_name, post_code, country, latitude, longitude) VALUES (82, 82, 'Arizona', '2893', 'Aleenchester', 'Katelyn Brook', '17812', 'Italy', 60.929456, 21.675171);
INSERT INTO user_address (id, user_id, state, building_number, city, street_name, post_code, country, latitude, longitude) VALUES (83, 83, 'Maryland', '2174', 'West Tyreseport', 'Quigley Run', '05467-3843', 'Japan', 87.933179, 79.361608);
INSERT INTO user_address (id, user_id, state, building_number, city, street_name, post_code, country, latitude, longitude) VALUES (84, 84, 'Nevada', '98', 'Port Nicholefurt', 'Kuphal Isle', '43025-4239', 'Japan', 28.851805, 6.759494);
INSERT INTO user_address (id, user_id, state, building_number, city, street_name, post_code, country, latitude, longitude) VALUES (85, 85, 'Idaho', '5082', 'Darrinton', 'Lexie Views', '06351', 'Niger', 31.693176, 89.783415);
INSERT INTO user_address (id, user_id, state, building_number, city, street_name, post_code, country, latitude, longitude) VALUES (86, 86, 'South Dakota', '7766', 'Schulistside', 'Stracke Heights', '00782-2373', 'Italy', 58.176954, 43.11977);
INSERT INTO user_address (id, user_id, state, building_number, city, street_name, post_code, country, latitude, longitude) VALUES (87, 87, 'New Mexico', '54', 'South Jayce', 'Alfreda Village', '23576-1655', 'England', 93.971686, 19.596698);
INSERT INTO user_address (id, user_id, state, building_number, city, street_name, post_code, country, latitude, longitude) VALUES (88, 88, 'Mississippi', '8893', 'Kalebfurt', 'Gutkowski Lodge', '66111', 'China', 52.006066, 51.033828);
INSERT INTO user_address (id, user_id, state, building_number, city, street_name, post_code, country, latitude, longitude) VALUES (89, 89, 'New Jersey', '442', 'Dallasbury', 'Krista Crossroad', '04708-1674', 'Bangladesh', 64.927524, 43.31392);
INSERT INTO user_address (id, user_id, state, building_number, city, street_name, post_code, country, latitude, longitude) VALUES (90, 90, 'Arizona', '55', 'Port Lomamouth', 'Silas Park', '80719', 'China', 32.220874, 67.850162);
INSERT INTO user_address (id, user_id, state, building_number, city, street_name, post_code, country, latitude, longitude) VALUES (91, 91, 'Tennessee', '98', 'Lake Marge', 'Lenore Extensions', '53576-2852', 'Paraguay', 91.173541, 7.248731);
INSERT INTO user_address (id, user_id, state, building_number, city, street_name, post_code, country, latitude, longitude) VALUES (92, 92, 'Oregon', '080', 'Robeltown', 'Darius Locks', '11793', 'Japan', 36.629081, 9.183425);
INSERT INTO user_address (id, user_id, state, building_number, city, street_name, post_code, country, latitude, longitude) VALUES (93, 93, 'Delaware', '3751', 'Lawrencemouth', 'Hand Street', '28540-7007', 'Japan', 16.129923, 52.275258);
INSERT INTO user_address (id, user_id, state, building_number, city, street_name, post_code, country, latitude, longitude) VALUES (94, 94, 'Kansas', '095', 'South Santinabury', 'Marcella Roads', '97502-8223', 'China', 91.49108, 88.45242);
INSERT INTO user_address (id, user_id, state, building_number, city, street_name, post_code, country, latitude, longitude) VALUES (95, 95, 'South Dakota', '63', 'West Maya', 'Johnston Stream', '81083', 'Tanzania', 37.519661, 71.009839);
INSERT INTO user_address (id, user_id, state, building_number, city, street_name, post_code, country, latitude, longitude) VALUES (96, 96, 'Washington', '197', 'Nyahmouth', 'Litzy Springs', '76893-9750', 'Peru', 95.23295, 24.756045);
INSERT INTO user_address (id, user_id, state, building_number, city, street_name, post_code, country, latitude, longitude) VALUES (97, 97, 'Wyoming', '1492', 'Port Tyson', 'Block Gardens', '97682', 'China', 50.875924, 51.051249);
INSERT INTO user_address (id, user_id, state, building_number, city, street_name, post_code, country, latitude, longitude) VALUES (98, 98, 'South Carolina', '4761', 'North Aliceborough', 'Labadie Hill', '07102-3327', 'USA', 4.58531, 49.028742);
INSERT INTO user_address (id, user_id, state, building_number, city, street_name, post_code, country, latitude, longitude) VALUES (99, 99, 'Connecticut', '659', 'Lake Raphaelview', 'Daisy Place', '46205', 'Guyana', 23.860404, 27.47874);




-- TABLE USER JOB
INSERT INTO user_job (id, user_id, title, salary) VALUES (0, 0, 'Network Engineer', 18000000);
INSERT INTO user_job (id, user_id, title, salary) VALUES (1, 1, 'DBA', 12000000);
INSERT INTO user_job (id, user_id, title, salary) VALUES (2, 2, 'Quality Assurance', 11000000);
INSERT INTO user_job (id, user_id, title, salary) VALUES (3, 3, 'Data Scientist', 19000000);
INSERT INTO user_job (id, user_id, title, salary) VALUES (4, 4, 'Data Analyst', 13000000);
INSERT INTO user_job (id, user_id, title, salary) VALUES (5, 5, 'Engineer', 14000000);
INSERT INTO user_job (id, user_id, title, salary) VALUES (6, 6, 'Engineer', 20000000);
INSERT INTO user_job (id, user_id, title, salary) VALUES (7, 7, 'Quality Assurance', 6000000);
INSERT INTO user_job (id, user_id, title, salary) VALUES (8, 8, 'Network Engineer', 12000000);
INSERT INTO user_job (id, user_id, title, salary) VALUES (9, 9, 'Quality Assurance', 6000000);
INSERT INTO user_job (id, user_id, title, salary) VALUES (10, 10, 'Data Analyst', 14000000);
INSERT INTO user_job (id, user_id, title, salary) VALUES (11, 11, 'Data Analyst', 14000000);
INSERT INTO user_job (id, user_id, title, salary) VALUES (12, 12, 'Quality Assurance', 13000000);
INSERT INTO user_job (id, user_id, title, salary) VALUES (13, 13, 'Engineer', 18000000);
INSERT INTO user_job (id, user_id, title, salary) VALUES (14, 14, 'Data Scientist', 19000000);
INSERT INTO user_job (id, user_id, title, salary) VALUES (15, 15, 'Web Developer', 19000000);
INSERT INTO user_job (id, user_id, title, salary) VALUES (16, 16, 'Data Scientist', 11000000);
INSERT INTO user_job (id, user_id, title, salary) VALUES (17, 17, 'Web Developer', 7000000);
INSERT INTO user_job (id, user_id, title, salary) VALUES (18, 18, 'Data Scientist', 15000000);
INSERT INTO user_job (id, user_id, title, salary) VALUES (19, 19, 'Web Developer', 14000000);
INSERT INTO user_job (id, user_id, title, salary) VALUES (20, 20, 'Data Engineer', 9000000);
INSERT INTO user_job (id, user_id, title, salary) VALUES (21, 21, 'Quality Assurance', 13000000);
INSERT INTO user_job (id, user_id, title, salary) VALUES (22, 22, 'Network Engineer', 15000000);
INSERT INTO user_job (id, user_id, title, salary) VALUES (23, 23, 'Engineer', 17000000);
INSERT INTO user_job (id, user_id, title, salary) VALUES (24, 24, 'Web Developer', 20000000);
INSERT INTO user_job (id, user_id, title, salary) VALUES (25, 25, 'DBA', 12000000);
INSERT INTO user_job (id, user_id, title, salary) VALUES (26, 26, 'Quality Assurance', 18000000);
INSERT INTO user_job (id, user_id, title, salary) VALUES (27, 27, 'Web Developer', 15000000);
INSERT INTO user_job (id, user_id, title, salary) VALUES (28, 28, 'DBA', 14000000);
INSERT INTO user_job (id, user_id, title, salary) VALUES (29, 29, 'Web Developer', 20000000);
INSERT INTO user_job (id, user_id, title, salary) VALUES (30, 30, 'IT Security', 20000000);
INSERT INTO user_job (id, user_id, title, salary) VALUES (31, 31, 'Web Developer', 20000000);
INSERT INTO user_job (id, user_id, title, salary) VALUES (32, 32, 'Network Engineer', 15000000);
INSERT INTO user_job (id, user_id, title, salary) VALUES (33, 33, 'Network Engineer', 16000000);
INSERT INTO user_job (id, user_id, title, salary) VALUES (34, 34, 'IT Security', 20000000);
INSERT INTO user_job (id, user_id, title, salary) VALUES (35, 35, 'Web Developer', 6000000);
INSERT INTO user_job (id, user_id, title, salary) VALUES (36, 36, 'Network Engineer', 20000000);
INSERT INTO user_job (id, user_id, title, salary) VALUES (37, 37, 'Engineer', 13000000);
INSERT INTO user_job (id, user_id, title, salary) VALUES (38, 38, 'Network Engineer', 7000000);
INSERT INTO user_job (id, user_id, title, salary) VALUES (39, 39, 'Data Analyst', 20000000);
INSERT INTO user_job (id, user_id, title, salary) VALUES (40, 40, 'Network Engineer', 14000000);
INSERT INTO user_job (id, user_id, title, salary) VALUES (41, 41, 'Mobile Developer', 13000000);
INSERT INTO user_job (id, user_id, title, salary) VALUES (42, 42, 'Web Developer', 11000000);
INSERT INTO user_job (id, user_id, title, salary) VALUES (43, 43, 'Data Engineer', 19000000);
INSERT INTO user_job (id, user_id, title, salary) VALUES (44, 44, 'DBA', 7000000);
INSERT INTO user_job (id, user_id, title, salary) VALUES (45, 45, 'Quality Assurance', 10000000);
INSERT INTO user_job (id, user_id, title, salary) VALUES (46, 46, 'Web Developer', 15000000);
INSERT INTO user_job (id, user_id, title, salary) VALUES (47, 47, 'Quality Assurance', 9000000);
INSERT INTO user_job (id, user_id, title, salary) VALUES (48, 48, 'DBA', 10000000);
INSERT INTO user_job (id, user_id, title, salary) VALUES (49, 49, 'DBA', 6000000);
INSERT INTO user_job (id, user_id, title, salary) VALUES (50, 50, 'Web Developer', 15000000);
INSERT INTO user_job (id, user_id, title, salary) VALUES (51, 51, 'DBA', 11000000);
INSERT INTO user_job (id, user_id, title, salary) VALUES (52, 52, 'Data Analyst', 20000000);
INSERT INTO user_job (id, user_id, title, salary) VALUES (53, 53, 'Engineer', 15000000);
INSERT INTO user_job (id, user_id, title, salary) VALUES (54, 54, 'Data Engineer', 15000000);
INSERT INTO user_job (id, user_id, title, salary) VALUES (55, 55, 'Mobile Developer', 9000000);
INSERT INTO user_job (id, user_id, title, salary) VALUES (56, 56, 'Quality Assurance', 14000000);
INSERT INTO user_job (id, user_id, title, salary) VALUES (57, 57, 'Web Developer', 20000000);
INSERT INTO user_job (id, user_id, title, salary) VALUES (58, 58, 'Data Engineer', 11000000);
INSERT INTO user_job (id, user_id, title, salary) VALUES (59, 59, 'Data Scientist', 12000000);
INSERT INTO user_job (id, user_id, title, salary) VALUES (60, 60, 'DBA', 11000000);
INSERT INTO user_job (id, user_id, title, salary) VALUES (61, 61, 'Network Engineer', 9000000);
INSERT INTO user_job (id, user_id, title, salary) VALUES (62, 62, 'IT Security', 13000000);
INSERT INTO user_job (id, user_id, title, salary) VALUES (63, 63, 'Data Engineer', 14000000);
INSERT INTO user_job (id, user_id, title, salary) VALUES (64, 64, 'Web Developer', 6000000);
INSERT INTO user_job (id, user_id, title, salary) VALUES (65, 65, 'Engineer', 15000000);
INSERT INTO user_job (id, user_id, title, salary) VALUES (66, 66, 'Network Engineer', 15000000);
INSERT INTO user_job (id, user_id, title, salary) VALUES (67, 67, 'Network Engineer', 8000000);
INSERT INTO user_job (id, user_id, title, salary) VALUES (68, 68, 'Data Engineer', 6000000);
INSERT INTO user_job (id, user_id, title, salary) VALUES (69, 69, 'Data Scientist', 14000000);
INSERT INTO user_job (id, user_id, title, salary) VALUES (70, 70, 'DBA', 8000000);
INSERT INTO user_job (id, user_id, title, salary) VALUES (71, 71, 'Data Engineer', 7000000);
INSERT INTO user_job (id, user_id, title, salary) VALUES (72, 72, 'Data Engineer', 19000000);
INSERT INTO user_job (id, user_id, title, salary) VALUES (73, 73, 'Web Developer', 15000000);
INSERT INTO user_job (id, user_id, title, salary) VALUES (74, 74, 'Network Engineer', 9000000);
INSERT INTO user_job (id, user_id, title, salary) VALUES (75, 75, 'Engineer', 8000000);
INSERT INTO user_job (id, user_id, title, salary) VALUES (76, 76, 'Engineer', 6000000);
INSERT INTO user_job (id, user_id, title, salary) VALUES (77, 77, 'Data Analyst', 12000000);
INSERT INTO user_job (id, user_id, title, salary) VALUES (78, 78, 'IT Security', 8000000);
INSERT INTO user_job (id, user_id, title, salary) VALUES (79, 79, 'Data Scientist', 12000000);
INSERT INTO user_job (id, user_id, title, salary) VALUES (80, 80, 'IT Security', 19000000);
INSERT INTO user_job (id, user_id, title, salary) VALUES (81, 81, 'Data Engineer', 19000000);
INSERT INTO user_job (id, user_id, title, salary) VALUES (82, 82, 'Data Scientist', 10000000);
INSERT INTO user_job (id, user_id, title, salary) VALUES (83, 83, 'Data Scientist', 20000000);
INSERT INTO user_job (id, user_id, title, salary) VALUES (84, 84, 'Quality Assurance', 15000000);
INSERT INTO user_job (id, user_id, title, salary) VALUES (85, 85, 'Network Engineer', 19000000);
INSERT INTO user_job (id, user_id, title, salary) VALUES (86, 86, 'DBA', 15000000);
INSERT INTO user_job (id, user_id, title, salary) VALUES (87, 87, 'Web Developer', 17000000);
INSERT INTO user_job (id, user_id, title, salary) VALUES (88, 88, 'Data Analyst', 20000000);
INSERT INTO user_job (id, user_id, title, salary) VALUES (89, 89, 'Web Developer', 20000000);
INSERT INTO user_job (id, user_id, title, salary) VALUES (90, 90, 'Quality Assurance', 18000000);
INSERT INTO user_job (id, user_id, title, salary) VALUES (91, 91, 'Quality Assurance', 15000000);
INSERT INTO user_job (id, user_id, title, salary) VALUES (92, 92, 'Quality Assurance', 7000000);
INSERT INTO user_job (id, user_id, title, salary) VALUES (93, 93, 'Mobile Developer', 11000000);
INSERT INTO user_job (id, user_id, title, salary) VALUES (94, 94, 'Data Engineer', 8000000);
INSERT INTO user_job (id, user_id, title, salary) VALUES (95, 95, 'Quality Assurance', 17000000);
INSERT INTO user_job (id, user_id, title, salary) VALUES (96, 96, 'Network Engineer', 19000000);
INSERT INTO user_job (id, user_id, title, salary) VALUES (97, 97, 'Engineer', 13000000);
INSERT INTO user_job (id, user_id, title, salary) VALUES (98, 98, 'Engineer', 10000000);
INSERT INTO user_job (id, user_id, title, salary) VALUES (99, 99, 'Web Developer', 10000000);




-- TABLE TRANSACTIONS
INSERT INTO transactions (id, user_id, item_name, base_price, price, discount, tax) VALUES (0, 0, 'iPhone 11', 11000000, 11100000, 110000, 1100000);
INSERT INTO transactions (id, user_id, item_name, base_price, price, discount, tax) VALUES (1, 1, 'iPhone 11', 11000000, 11100000, 110000, 1100000);
INSERT INTO transactions (id, user_id, item_name, base_price, price, discount, tax) VALUES (2, 1, 'Asus TUF', 20000000, 22000000, 100000, 2000000);
INSERT INTO transactions (id, user_id, item_name, base_price, price, discount, tax) VALUES (3, 1, 'Macbook Pro', 25000000, 26000000, 300000, 2500000);
INSERT INTO transactions (id, user_id, item_name, base_price, price, discount, tax) VALUES (4, 3, 'iPhone 12', 12000000, 12200000, 120000, 1200000);
INSERT INTO transactions (id, user_id, item_name, base_price, price, discount, tax) VALUES (5, 3, 'iPhone X', 10000000, 11000000, 100000, 1000000);
INSERT INTO transactions (id, user_id, item_name, base_price, price, discount, tax) VALUES (6, 3, 'Asus TUF', 20000000, 22000000, 100000, 2000000);
INSERT INTO transactions (id, user_id, item_name, base_price, price, discount, tax) VALUES (7, 4, 'Asus ROG X', 30000000, 33000000, 200000, 3000000);
INSERT INTO transactions (id, user_id, item_name, base_price, price, discount, tax) VALUES (8, 4, 'Asus ROG X', 30000000, 33000000, 200000, 3000000);
INSERT INTO transactions (id, user_id, item_name, base_price, price, discount, tax) VALUES (9, 5, 'Macbook Pro', 25000000, 26000000, 300000, 2500000);
INSERT INTO transactions (id, user_id, item_name, base_price, price, discount, tax) VALUES (10, 5, 'iPhone 12', 12000000, 12200000, 120000, 1200000);
INSERT INTO transactions (id, user_id, item_name, base_price, price, discount, tax) VALUES (11, 5, 'Macbook Pro', 25000000, 26000000, 300000, 2500000);
INSERT INTO transactions (id, user_id, item_name, base_price, price, discount, tax) VALUES (12, 5, 'iPhone 12', 12000000, 12200000, 120000, 1200000);
INSERT INTO transactions (id, user_id, item_name, base_price, price, discount, tax) VALUES (13, 5, 'Asus ROG X', 30000000, 33000000, 200000, 3000000);
INSERT INTO transactions (id, user_id, item_name, base_price, price, discount, tax) VALUES (14, 6, 'iPhone X', 10000000, 11000000, 100000, 1000000);
INSERT INTO transactions (id, user_id, item_name, base_price, price, discount, tax) VALUES (15, 6, 'Asus ROG X', 30000000, 33000000, 200000, 3000000);
INSERT INTO transactions (id, user_id, item_name, base_price, price, discount, tax) VALUES (16, 7, 'iPhone X', 10000000, 11000000, 100000, 1000000);
INSERT INTO transactions (id, user_id, item_name, base_price, price, discount, tax) VALUES (17, 7, 'Asus TUF', 20000000, 22000000, 100000, 2000000);
INSERT INTO transactions (id, user_id, item_name, base_price, price, discount, tax) VALUES (18, 7, 'iPhone 12', 12000000, 12200000, 120000, 1200000);
INSERT INTO transactions (id, user_id, item_name, base_price, price, discount, tax) VALUES (19, 7, 'MSI Modern', 18000000, 29000000, 100000, 1800000);
INSERT INTO transactions (id, user_id, item_name, base_price, price, discount, tax) VALUES (20, 8, 'iPhone 11', 11000000, 11100000, 110000, 1100000);
INSERT INTO transactions (id, user_id, item_name, base_price, price, discount, tax) VALUES (21, 8, 'Macbook Pro', 25000000, 26000000, 300000, 2500000);
INSERT INTO transactions (id, user_id, item_name, base_price, price, discount, tax) VALUES (22, 8, 'MSI Modern', 18000000, 29000000, 100000, 1800000);
INSERT INTO transactions (id, user_id, item_name, base_price, price, discount, tax) VALUES (23, 8, 'Macbook Pro', 25000000, 26000000, 300000, 2500000);
INSERT INTO transactions (id, user_id, item_name, base_price, price, discount, tax) VALUES (24, 8, 'iPhone X', 10000000, 11000000, 100000, 1000000);
INSERT INTO transactions (id, user_id, item_name, base_price, price, discount, tax) VALUES (25, 9, 'Asus ROG X', 30000000, 33000000, 200000, 3000000);
INSERT INTO transactions (id, user_id, item_name, base_price, price, discount, tax) VALUES (26, 9, 'Asus TUF', 20000000, 22000000, 100000, 2000000);
INSERT INTO transactions (id, user_id, item_name, base_price, price, discount, tax) VALUES (27, 9, 'Macbook Pro', 25000000, 26000000, 300000, 2500000);
INSERT INTO transactions (id, user_id, item_name, base_price, price, discount, tax) VALUES (28, 9, 'iPhone 8', 8000000, 8500000, 0, 800000);
INSERT INTO transactions (id, user_id, item_name, base_price, price, discount, tax) VALUES (29, 10, 'iPhone X', 10000000, 11000000, 100000, 1000000);
INSERT INTO transactions (id, user_id, item_name, base_price, price, discount, tax) VALUES (30, 11, 'Macbook Pro', 25000000, 26000000, 300000, 2500000);
INSERT INTO transactions (id, user_id, item_name, base_price, price, discount, tax) VALUES (31, 11, 'iPhone X', 10000000, 11000000, 100000, 1000000);
INSERT INTO transactions (id, user_id, item_name, base_price, price, discount, tax) VALUES (32, 12, 'Macbook Pro', 25000000, 26000000, 300000, 2500000);
INSERT INTO transactions (id, user_id, item_name, base_price, price, discount, tax) VALUES (33, 12, 'iPhone 11', 11000000, 11100000, 110000, 1100000);
INSERT INTO transactions (id, user_id, item_name, base_price, price, discount, tax) VALUES (34, 13, 'iPhone 11', 11000000, 11100000, 110000, 1100000);
INSERT INTO transactions (id, user_id, item_name, base_price, price, discount, tax) VALUES (35, 13, 'iPhone 12', 12000000, 12200000, 120000, 1200000);
INSERT INTO transactions (id, user_id, item_name, base_price, price, discount, tax) VALUES (36, 13, 'Macbook Pro', 25000000, 26000000, 300000, 2500000);
INSERT INTO transactions (id, user_id, item_name, base_price, price, discount, tax) VALUES (37, 14, 'MSI Modern', 18000000, 29000000, 100000, 1800000);
INSERT INTO transactions (id, user_id, item_name, base_price, price, discount, tax) VALUES (38, 14, 'iPhone 11', 11000000, 11100000, 110000, 1100000);
INSERT INTO transactions (id, user_id, item_name, base_price, price, discount, tax) VALUES (39, 14, 'iPhone 8', 8000000, 8500000, 0, 800000);
INSERT INTO transactions (id, user_id, item_name, base_price, price, discount, tax) VALUES (40, 14, 'Asus TUF', 20000000, 22000000, 100000, 2000000);
INSERT INTO transactions (id, user_id, item_name, base_price, price, discount, tax) VALUES (41, 14, 'iPhone 12', 12000000, 12200000, 120000, 1200000);
INSERT INTO transactions (id, user_id, item_name, base_price, price, discount, tax) VALUES (42, 15, 'iPhone 11', 11000000, 11100000, 110000, 1100000);
INSERT INTO transactions (id, user_id, item_name, base_price, price, discount, tax) VALUES (43, 15, 'Asus TUF', 20000000, 22000000, 100000, 2000000);
INSERT INTO transactions (id, user_id, item_name, base_price, price, discount, tax) VALUES (44, 15, 'MSI Modern', 18000000, 29000000, 100000, 1800000);
INSERT INTO transactions (id, user_id, item_name, base_price, price, discount, tax) VALUES (45, 16, 'iPhone X', 10000000, 11000000, 100000, 1000000);
INSERT INTO transactions (id, user_id, item_name, base_price, price, discount, tax) VALUES (46, 17, 'MSI Modern', 18000000, 29000000, 100000, 1800000);
INSERT INTO transactions (id, user_id, item_name, base_price, price, discount, tax) VALUES (47, 18, 'Asus ROG X', 30000000, 33000000, 200000, 3000000);
INSERT INTO transactions (id, user_id, item_name, base_price, price, discount, tax) VALUES (48, 18, 'iPhone 11', 11000000, 11100000, 110000, 1100000);
INSERT INTO transactions (id, user_id, item_name, base_price, price, discount, tax) VALUES (49, 18, 'Asus TUF', 20000000, 22000000, 100000, 2000000);
INSERT INTO transactions (id, user_id, item_name, base_price, price, discount, tax) VALUES (50, 18, 'iPhone 12', 12000000, 12200000, 120000, 1200000);
INSERT INTO transactions (id, user_id, item_name, base_price, price, discount, tax) VALUES (51, 20, 'iPhone 11', 11000000, 11100000, 110000, 1100000);
INSERT INTO transactions (id, user_id, item_name, base_price, price, discount, tax) VALUES (52, 20, 'Asus ROG X', 30000000, 33000000, 200000, 3000000);
INSERT INTO transactions (id, user_id, item_name, base_price, price, discount, tax) VALUES (53, 20, 'iPhone 12', 12000000, 12200000, 120000, 1200000);
INSERT INTO transactions (id, user_id, item_name, base_price, price, discount, tax) VALUES (54, 21, 'iPhone 11', 11000000, 11100000, 110000, 1100000);
INSERT INTO transactions (id, user_id, item_name, base_price, price, discount, tax) VALUES (55, 21, 'iPhone 11', 11000000, 11100000, 110000, 1100000);
INSERT INTO transactions (id, user_id, item_name, base_price, price, discount, tax) VALUES (56, 21, 'MSI Modern', 18000000, 29000000, 100000, 1800000);
INSERT INTO transactions (id, user_id, item_name, base_price, price, discount, tax) VALUES (57, 22, 'iPhone 8', 8000000, 8500000, 0, 800000);
INSERT INTO transactions (id, user_id, item_name, base_price, price, discount, tax) VALUES (58, 23, 'iPhone 12', 12000000, 12200000, 120000, 1200000);
INSERT INTO transactions (id, user_id, item_name, base_price, price, discount, tax) VALUES (59, 23, 'iPhone X', 10000000, 11000000, 100000, 1000000);
INSERT INTO transactions (id, user_id, item_name, base_price, price, discount, tax) VALUES (60, 23, 'iPhone 12', 12000000, 12200000, 120000, 1200000);
INSERT INTO transactions (id, user_id, item_name, base_price, price, discount, tax) VALUES (61, 25, 'Macbook Pro', 25000000, 26000000, 300000, 2500000);
INSERT INTO transactions (id, user_id, item_name, base_price, price, discount, tax) VALUES (62, 25, 'MSI Modern', 18000000, 29000000, 100000, 1800000);
INSERT INTO transactions (id, user_id, item_name, base_price, price, discount, tax) VALUES (63, 25, 'Macbook Pro', 25000000, 26000000, 300000, 2500000);
INSERT INTO transactions (id, user_id, item_name, base_price, price, discount, tax) VALUES (64, 26, 'iPhone 8', 8000000, 8500000, 0, 800000);
INSERT INTO transactions (id, user_id, item_name, base_price, price, discount, tax) VALUES (65, 27, 'Asus TUF', 20000000, 22000000, 100000, 2000000);
INSERT INTO transactions (id, user_id, item_name, base_price, price, discount, tax) VALUES (66, 27, 'Asus TUF', 20000000, 22000000, 100000, 2000000);
INSERT INTO transactions (id, user_id, item_name, base_price, price, discount, tax) VALUES (67, 27, 'iPhone 12', 12000000, 12200000, 120000, 1200000);
INSERT INTO transactions (id, user_id, item_name, base_price, price, discount, tax) VALUES (68, 27, 'iPhone 12', 12000000, 12200000, 120000, 1200000);
INSERT INTO transactions (id, user_id, item_name, base_price, price, discount, tax) VALUES (69, 29, 'Asus ROG X', 30000000, 33000000, 200000, 3000000);
INSERT INTO transactions (id, user_id, item_name, base_price, price, discount, tax) VALUES (70, 29, 'iPhone 8', 8000000, 8500000, 0, 800000);
INSERT INTO transactions (id, user_id, item_name, base_price, price, discount, tax) VALUES (71, 29, 'iPhone 11', 11000000, 11100000, 110000, 1100000);
INSERT INTO transactions (id, user_id, item_name, base_price, price, discount, tax) VALUES (72, 29, 'MSI Modern', 18000000, 29000000, 100000, 1800000);
INSERT INTO transactions (id, user_id, item_name, base_price, price, discount, tax) VALUES (73, 30, 'Asus ROG X', 30000000, 33000000, 200000, 3000000);
INSERT INTO transactions (id, user_id, item_name, base_price, price, discount, tax) VALUES (74, 30, 'Macbook Pro', 25000000, 26000000, 300000, 2500000);
INSERT INTO transactions (id, user_id, item_name, base_price, price, discount, tax) VALUES (75, 30, 'Macbook Pro', 25000000, 26000000, 300000, 2500000);
INSERT INTO transactions (id, user_id, item_name, base_price, price, discount, tax) VALUES (76, 30, 'MSI Modern', 18000000, 29000000, 100000, 1800000);
INSERT INTO transactions (id, user_id, item_name, base_price, price, discount, tax) VALUES (77, 31, 'iPhone 8', 8000000, 8500000, 0, 800000);
INSERT INTO transactions (id, user_id, item_name, base_price, price, discount, tax) VALUES (78, 31, 'iPhone 8', 8000000, 8500000, 0, 800000);
INSERT INTO transactions (id, user_id, item_name, base_price, price, discount, tax) VALUES (79, 31, 'iPhone 11', 11000000, 11100000, 110000, 1100000);
INSERT INTO transactions (id, user_id, item_name, base_price, price, discount, tax) VALUES (80, 31, 'iPhone 8', 8000000, 8500000, 0, 800000);
INSERT INTO transactions (id, user_id, item_name, base_price, price, discount, tax) VALUES (81, 32, 'Asus TUF', 20000000, 22000000, 100000, 2000000);
INSERT INTO transactions (id, user_id, item_name, base_price, price, discount, tax) VALUES (82, 33, 'iPhone 12', 12000000, 12200000, 120000, 1200000);
INSERT INTO transactions (id, user_id, item_name, base_price, price, discount, tax) VALUES (83, 33, 'iPhone 11', 11000000, 11100000, 110000, 1100000);
INSERT INTO transactions (id, user_id, item_name, base_price, price, discount, tax) VALUES (84, 33, 'Macbook Pro', 25000000, 26000000, 300000, 2500000);
INSERT INTO transactions (id, user_id, item_name, base_price, price, discount, tax) VALUES (85, 34, 'iPhone X', 10000000, 11000000, 100000, 1000000);
INSERT INTO transactions (id, user_id, item_name, base_price, price, discount, tax) VALUES (86, 35, 'iPhone 11', 11000000, 11100000, 110000, 1100000);
INSERT INTO transactions (id, user_id, item_name, base_price, price, discount, tax) VALUES (87, 35, 'iPhone 8', 8000000, 8500000, 0, 800000);
INSERT INTO transactions (id, user_id, item_name, base_price, price, discount, tax) VALUES (88, 35, 'MSI Modern', 18000000, 29000000, 100000, 1800000);
INSERT INTO transactions (id, user_id, item_name, base_price, price, discount, tax) VALUES (89, 37, 'iPhone 8', 8000000, 8500000, 0, 800000);
INSERT INTO transactions (id, user_id, item_name, base_price, price, discount, tax) VALUES (90, 37, 'Asus ROG X', 30000000, 33000000, 200000, 3000000);
INSERT INTO transactions (id, user_id, item_name, base_price, price, discount, tax) VALUES (91, 37, 'iPhone 12', 12000000, 12200000, 120000, 1200000);
INSERT INTO transactions (id, user_id, item_name, base_price, price, discount, tax) VALUES (92, 37, 'Asus TUF', 20000000, 22000000, 100000, 2000000);
INSERT INTO transactions (id, user_id, item_name, base_price, price, discount, tax) VALUES (93, 38, 'iPhone 12', 12000000, 12200000, 120000, 1200000);
INSERT INTO transactions (id, user_id, item_name, base_price, price, discount, tax) VALUES (94, 38, 'Asus TUF', 20000000, 22000000, 100000, 2000000);
INSERT INTO transactions (id, user_id, item_name, base_price, price, discount, tax) VALUES (95, 40, 'Asus TUF', 20000000, 22000000, 100000, 2000000);
INSERT INTO transactions (id, user_id, item_name, base_price, price, discount, tax) VALUES (96, 41, 'iPhone X', 10000000, 11000000, 100000, 1000000);
INSERT INTO transactions (id, user_id, item_name, base_price, price, discount, tax) VALUES (97, 41, 'MSI Modern', 18000000, 29000000, 100000, 1800000);
INSERT INTO transactions (id, user_id, item_name, base_price, price, discount, tax) VALUES (98, 41, 'iPhone 8', 8000000, 8500000, 0, 800000);
INSERT INTO transactions (id, user_id, item_name, base_price, price, discount, tax) VALUES (99, 42, 'iPhone X', 10000000, 11000000, 100000, 1000000);
INSERT INTO transactions (id, user_id, item_name, base_price, price, discount, tax) VALUES (100, 42, 'Macbook Pro', 25000000, 26000000, 300000, 2500000);
INSERT INTO transactions (id, user_id, item_name, base_price, price, discount, tax) VALUES (101, 42, 'iPhone X', 10000000, 11000000, 100000, 1000000);
INSERT INTO transactions (id, user_id, item_name, base_price, price, discount, tax) VALUES (102, 42, 'iPhone 12', 12000000, 12200000, 120000, 1200000);
INSERT INTO transactions (id, user_id, item_name, base_price, price, discount, tax) VALUES (103, 42, 'Asus TUF', 20000000, 22000000, 100000, 2000000);
INSERT INTO transactions (id, user_id, item_name, base_price, price, discount, tax) VALUES (104, 43, 'iPhone 11', 11000000, 11100000, 110000, 1100000);
INSERT INTO transactions (id, user_id, item_name, base_price, price, discount, tax) VALUES (105, 43, 'iPhone X', 10000000, 11000000, 100000, 1000000);
INSERT INTO transactions (id, user_id, item_name, base_price, price, discount, tax) VALUES (106, 44, 'iPhone X', 10000000, 11000000, 100000, 1000000);
INSERT INTO transactions (id, user_id, item_name, base_price, price, discount, tax) VALUES (107, 44, 'Macbook Pro', 25000000, 26000000, 300000, 2500000);
INSERT INTO transactions (id, user_id, item_name, base_price, price, discount, tax) VALUES (108, 44, 'iPhone 8', 8000000, 8500000, 0, 800000);
INSERT INTO transactions (id, user_id, item_name, base_price, price, discount, tax) VALUES (109, 44, 'Macbook Pro', 25000000, 26000000, 300000, 2500000);
INSERT INTO transactions (id, user_id, item_name, base_price, price, discount, tax) VALUES (110, 44, 'iPhone X', 10000000, 11000000, 100000, 1000000);
INSERT INTO transactions (id, user_id, item_name, base_price, price, discount, tax) VALUES (111, 45, 'iPhone 11', 11000000, 11100000, 110000, 1100000);
INSERT INTO transactions (id, user_id, item_name, base_price, price, discount, tax) VALUES (112, 45, 'iPhone 11', 11000000, 11100000, 110000, 1100000);
INSERT INTO transactions (id, user_id, item_name, base_price, price, discount, tax) VALUES (113, 46, 'Macbook Pro', 25000000, 26000000, 300000, 2500000);
INSERT INTO transactions (id, user_id, item_name, base_price, price, discount, tax) VALUES (114, 46, 'iPhone 12', 12000000, 12200000, 120000, 1200000);
INSERT INTO transactions (id, user_id, item_name, base_price, price, discount, tax) VALUES (115, 46, 'iPhone 12', 12000000, 12200000, 120000, 1200000);
INSERT INTO transactions (id, user_id, item_name, base_price, price, discount, tax) VALUES (116, 46, 'iPhone 12', 12000000, 12200000, 120000, 1200000);
INSERT INTO transactions (id, user_id, item_name, base_price, price, discount, tax) VALUES (117, 47, 'Asus TUF', 20000000, 22000000, 100000, 2000000);
INSERT INTO transactions (id, user_id, item_name, base_price, price, discount, tax) VALUES (118, 47, 'Asus TUF', 20000000, 22000000, 100000, 2000000);
INSERT INTO transactions (id, user_id, item_name, base_price, price, discount, tax) VALUES (119, 47, 'iPhone 11', 11000000, 11100000, 110000, 1100000);
INSERT INTO transactions (id, user_id, item_name, base_price, price, discount, tax) VALUES (120, 47, 'Asus TUF', 20000000, 22000000, 100000, 2000000);
INSERT INTO transactions (id, user_id, item_name, base_price, price, discount, tax) VALUES (121, 47, 'Asus ROG X', 30000000, 33000000, 200000, 3000000);
INSERT INTO transactions (id, user_id, item_name, base_price, price, discount, tax) VALUES (122, 48, 'iPhone 12', 12000000, 12200000, 120000, 1200000);
INSERT INTO transactions (id, user_id, item_name, base_price, price, discount, tax) VALUES (123, 49, 'Asus ROG X', 30000000, 33000000, 200000, 3000000);
INSERT INTO transactions (id, user_id, item_name, base_price, price, discount, tax) VALUES (124, 50, 'iPhone 11', 11000000, 11100000, 110000, 1100000);
INSERT INTO transactions (id, user_id, item_name, base_price, price, discount, tax) VALUES (125, 50, 'MSI Modern', 18000000, 29000000, 100000, 1800000);
INSERT INTO transactions (id, user_id, item_name, base_price, price, discount, tax) VALUES (126, 50, 'iPhone X', 10000000, 11000000, 100000, 1000000);
INSERT INTO transactions (id, user_id, item_name, base_price, price, discount, tax) VALUES (127, 50, 'iPhone 12', 12000000, 12200000, 120000, 1200000);
INSERT INTO transactions (id, user_id, item_name, base_price, price, discount, tax) VALUES (128, 51, 'Macbook Pro', 25000000, 26000000, 300000, 2500000);
INSERT INTO transactions (id, user_id, item_name, base_price, price, discount, tax) VALUES (129, 51, 'iPhone X', 10000000, 11000000, 100000, 1000000);
INSERT INTO transactions (id, user_id, item_name, base_price, price, discount, tax) VALUES (130, 52, 'iPhone 12', 12000000, 12200000, 120000, 1200000);
INSERT INTO transactions (id, user_id, item_name, base_price, price, discount, tax) VALUES (131, 52, 'Asus ROG X', 30000000, 33000000, 200000, 3000000);
INSERT INTO transactions (id, user_id, item_name, base_price, price, discount, tax) VALUES (132, 53, 'iPhone 12', 12000000, 12200000, 120000, 1200000);
INSERT INTO transactions (id, user_id, item_name, base_price, price, discount, tax) VALUES (133, 54, 'iPhone X', 10000000, 11000000, 100000, 1000000);
INSERT INTO transactions (id, user_id, item_name, base_price, price, discount, tax) VALUES (134, 54, 'Asus TUF', 20000000, 22000000, 100000, 2000000);
INSERT INTO transactions (id, user_id, item_name, base_price, price, discount, tax) VALUES (135, 55, 'iPhone 12', 12000000, 12200000, 120000, 1200000);
INSERT INTO transactions (id, user_id, item_name, base_price, price, discount, tax) VALUES (136, 56, 'Macbook Pro', 25000000, 26000000, 300000, 2500000);
INSERT INTO transactions (id, user_id, item_name, base_price, price, discount, tax) VALUES (137, 56, 'iPhone 8', 8000000, 8500000, 0, 800000);
INSERT INTO transactions (id, user_id, item_name, base_price, price, discount, tax) VALUES (138, 56, 'Macbook Pro', 25000000, 26000000, 300000, 2500000);
INSERT INTO transactions (id, user_id, item_name, base_price, price, discount, tax) VALUES (139, 56, 'MSI Modern', 18000000, 29000000, 100000, 1800000);
INSERT INTO transactions (id, user_id, item_name, base_price, price, discount, tax) VALUES (140, 56, 'Asus ROG X', 30000000, 33000000, 200000, 3000000);
INSERT INTO transactions (id, user_id, item_name, base_price, price, discount, tax) VALUES (141, 57, 'iPhone X', 10000000, 11000000, 100000, 1000000);
INSERT INTO transactions (id, user_id, item_name, base_price, price, discount, tax) VALUES (142, 57, 'iPhone 11', 11000000, 11100000, 110000, 1100000);
INSERT INTO transactions (id, user_id, item_name, base_price, price, discount, tax) VALUES (143, 57, 'Asus TUF', 20000000, 22000000, 100000, 2000000);
INSERT INTO transactions (id, user_id, item_name, base_price, price, discount, tax) VALUES (144, 57, 'iPhone 12', 12000000, 12200000, 120000, 1200000);
INSERT INTO transactions (id, user_id, item_name, base_price, price, discount, tax) VALUES (145, 57, 'iPhone 12', 12000000, 12200000, 120000, 1200000);
INSERT INTO transactions (id, user_id, item_name, base_price, price, discount, tax) VALUES (146, 59, 'Macbook Pro', 25000000, 26000000, 300000, 2500000);
INSERT INTO transactions (id, user_id, item_name, base_price, price, discount, tax) VALUES (147, 60, 'Macbook Pro', 25000000, 26000000, 300000, 2500000);
INSERT INTO transactions (id, user_id, item_name, base_price, price, discount, tax) VALUES (148, 62, 'iPhone 11', 11000000, 11100000, 110000, 1100000);
INSERT INTO transactions (id, user_id, item_name, base_price, price, discount, tax) VALUES (149, 62, 'iPhone 12', 12000000, 12200000, 120000, 1200000);
INSERT INTO transactions (id, user_id, item_name, base_price, price, discount, tax) VALUES (150, 62, 'iPhone 8', 8000000, 8500000, 0, 800000);
INSERT INTO transactions (id, user_id, item_name, base_price, price, discount, tax) VALUES (151, 62, 'Asus ROG X', 30000000, 33000000, 200000, 3000000);
INSERT INTO transactions (id, user_id, item_name, base_price, price, discount, tax) VALUES (152, 62, 'iPhone 12', 12000000, 12200000, 120000, 1200000);
INSERT INTO transactions (id, user_id, item_name, base_price, price, discount, tax) VALUES (153, 63, 'Asus TUF', 20000000, 22000000, 100000, 2000000);
INSERT INTO transactions (id, user_id, item_name, base_price, price, discount, tax) VALUES (154, 63, 'Asus ROG X', 30000000, 33000000, 200000, 3000000);
INSERT INTO transactions (id, user_id, item_name, base_price, price, discount, tax) VALUES (155, 64, 'iPhone 8', 8000000, 8500000, 0, 800000);
INSERT INTO transactions (id, user_id, item_name, base_price, price, discount, tax) VALUES (156, 64, 'MSI Modern', 18000000, 29000000, 100000, 1800000);
INSERT INTO transactions (id, user_id, item_name, base_price, price, discount, tax) VALUES (157, 65, 'iPhone 12', 12000000, 12200000, 120000, 1200000);
INSERT INTO transactions (id, user_id, item_name, base_price, price, discount, tax) VALUES (158, 65, 'iPhone 11', 11000000, 11100000, 110000, 1100000);
INSERT INTO transactions (id, user_id, item_name, base_price, price, discount, tax) VALUES (159, 65, 'MSI Modern', 18000000, 29000000, 100000, 1800000);
INSERT INTO transactions (id, user_id, item_name, base_price, price, discount, tax) VALUES (160, 66, 'Macbook Pro', 25000000, 26000000, 300000, 2500000);
INSERT INTO transactions (id, user_id, item_name, base_price, price, discount, tax) VALUES (161, 67, 'iPhone 8', 8000000, 8500000, 0, 800000);
INSERT INTO transactions (id, user_id, item_name, base_price, price, discount, tax) VALUES (162, 67, 'iPhone 11', 11000000, 11100000, 110000, 1100000);
INSERT INTO transactions (id, user_id, item_name, base_price, price, discount, tax) VALUES (163, 67, 'MSI Modern', 18000000, 29000000, 100000, 1800000);
INSERT INTO transactions (id, user_id, item_name, base_price, price, discount, tax) VALUES (164, 69, 'iPhone 11', 11000000, 11100000, 110000, 1100000);
INSERT INTO transactions (id, user_id, item_name, base_price, price, discount, tax) VALUES (165, 69, 'iPhone X', 10000000, 11000000, 100000, 1000000);
INSERT INTO transactions (id, user_id, item_name, base_price, price, discount, tax) VALUES (166, 69, 'iPhone 11', 11000000, 11100000, 110000, 1100000);
INSERT INTO transactions (id, user_id, item_name, base_price, price, discount, tax) VALUES (167, 71, 'iPhone 8', 8000000, 8500000, 0, 800000);
INSERT INTO transactions (id, user_id, item_name, base_price, price, discount, tax) VALUES (168, 71, 'Macbook Pro', 25000000, 26000000, 300000, 2500000);
INSERT INTO transactions (id, user_id, item_name, base_price, price, discount, tax) VALUES (169, 71, 'Macbook Pro', 25000000, 26000000, 300000, 2500000);
INSERT INTO transactions (id, user_id, item_name, base_price, price, discount, tax) VALUES (170, 72, 'Asus TUF', 20000000, 22000000, 100000, 2000000);
INSERT INTO transactions (id, user_id, item_name, base_price, price, discount, tax) VALUES (171, 72, 'Asus ROG X', 30000000, 33000000, 200000, 3000000);
INSERT INTO transactions (id, user_id, item_name, base_price, price, discount, tax) VALUES (172, 73, 'iPhone X', 10000000, 11000000, 100000, 1000000);
INSERT INTO transactions (id, user_id, item_name, base_price, price, discount, tax) VALUES (173, 73, 'MSI Modern', 18000000, 29000000, 100000, 1800000);
INSERT INTO transactions (id, user_id, item_name, base_price, price, discount, tax) VALUES (174, 73, 'iPhone 8', 8000000, 8500000, 0, 800000);
INSERT INTO transactions (id, user_id, item_name, base_price, price, discount, tax) VALUES (175, 73, 'Macbook Pro', 25000000, 26000000, 300000, 2500000);
INSERT INTO transactions (id, user_id, item_name, base_price, price, discount, tax) VALUES (176, 75, 'iPhone 8', 8000000, 8500000, 0, 800000);
INSERT INTO transactions (id, user_id, item_name, base_price, price, discount, tax) VALUES (177, 75, 'MSI Modern', 18000000, 29000000, 100000, 1800000);
INSERT INTO transactions (id, user_id, item_name, base_price, price, discount, tax) VALUES (178, 75, 'Asus ROG X', 30000000, 33000000, 200000, 3000000);
INSERT INTO transactions (id, user_id, item_name, base_price, price, discount, tax) VALUES (179, 75, 'iPhone 11', 11000000, 11100000, 110000, 1100000);
INSERT INTO transactions (id, user_id, item_name, base_price, price, discount, tax) VALUES (180, 76, 'iPhone 8', 8000000, 8500000, 0, 800000);
INSERT INTO transactions (id, user_id, item_name, base_price, price, discount, tax) VALUES (181, 76, 'iPhone 11', 11000000, 11100000, 110000, 1100000);
INSERT INTO transactions (id, user_id, item_name, base_price, price, discount, tax) VALUES (182, 76, 'Macbook Pro', 25000000, 26000000, 300000, 2500000);
INSERT INTO transactions (id, user_id, item_name, base_price, price, discount, tax) VALUES (183, 76, 'Macbook Pro', 25000000, 26000000, 300000, 2500000);
INSERT INTO transactions (id, user_id, item_name, base_price, price, discount, tax) VALUES (184, 77, 'iPhone 11', 11000000, 11100000, 110000, 1100000);
INSERT INTO transactions (id, user_id, item_name, base_price, price, discount, tax) VALUES (185, 77, 'iPhone 11', 11000000, 11100000, 110000, 1100000);
INSERT INTO transactions (id, user_id, item_name, base_price, price, discount, tax) VALUES (186, 77, 'Asus TUF', 20000000, 22000000, 100000, 2000000);
INSERT INTO transactions (id, user_id, item_name, base_price, price, discount, tax) VALUES (187, 77, 'Macbook Pro', 25000000, 26000000, 300000, 2500000);
INSERT INTO transactions (id, user_id, item_name, base_price, price, discount, tax) VALUES (188, 77, 'iPhone 11', 11000000, 11100000, 110000, 1100000);
INSERT INTO transactions (id, user_id, item_name, base_price, price, discount, tax) VALUES (189, 79, 'Asus ROG X', 30000000, 33000000, 200000, 3000000);
INSERT INTO transactions (id, user_id, item_name, base_price, price, discount, tax) VALUES (190, 79, 'Macbook Pro', 25000000, 26000000, 300000, 2500000);
INSERT INTO transactions (id, user_id, item_name, base_price, price, discount, tax) VALUES (191, 80, 'Macbook Pro', 25000000, 26000000, 300000, 2500000);
INSERT INTO transactions (id, user_id, item_name, base_price, price, discount, tax) VALUES (192, 80, 'iPhone 8', 8000000, 8500000, 0, 800000);
INSERT INTO transactions (id, user_id, item_name, base_price, price, discount, tax) VALUES (193, 80, 'iPhone 12', 12000000, 12200000, 120000, 1200000);
INSERT INTO transactions (id, user_id, item_name, base_price, price, discount, tax) VALUES (194, 80, 'iPhone 8', 8000000, 8500000, 0, 800000);
INSERT INTO transactions (id, user_id, item_name, base_price, price, discount, tax) VALUES (195, 81, 'iPhone 11', 11000000, 11100000, 110000, 1100000);
INSERT INTO transactions (id, user_id, item_name, base_price, price, discount, tax) VALUES (196, 81, 'iPhone 11', 11000000, 11100000, 110000, 1100000);
INSERT INTO transactions (id, user_id, item_name, base_price, price, discount, tax) VALUES (197, 82, 'Asus ROG X', 30000000, 33000000, 200000, 3000000);
INSERT INTO transactions (id, user_id, item_name, base_price, price, discount, tax) VALUES (198, 82, 'iPhone 11', 11000000, 11100000, 110000, 1100000);
INSERT INTO transactions (id, user_id, item_name, base_price, price, discount, tax) VALUES (199, 82, 'iPhone 11', 11000000, 11100000, 110000, 1100000);
INSERT INTO transactions (id, user_id, item_name, base_price, price, discount, tax) VALUES (200, 83, 'iPhone X', 10000000, 11000000, 100000, 1000000);
INSERT INTO transactions (id, user_id, item_name, base_price, price, discount, tax) VALUES (201, 85, 'iPhone 8', 8000000, 8500000, 0, 800000);
INSERT INTO transactions (id, user_id, item_name, base_price, price, discount, tax) VALUES (202, 85, 'Macbook Pro', 25000000, 26000000, 300000, 2500000);
INSERT INTO transactions (id, user_id, item_name, base_price, price, discount, tax) VALUES (203, 85, 'iPhone 11', 11000000, 11100000, 110000, 1100000);
INSERT INTO transactions (id, user_id, item_name, base_price, price, discount, tax) VALUES (204, 86, 'iPhone X', 10000000, 11000000, 100000, 1000000);
INSERT INTO transactions (id, user_id, item_name, base_price, price, discount, tax) VALUES (205, 86, 'Asus TUF', 20000000, 22000000, 100000, 2000000);
INSERT INTO transactions (id, user_id, item_name, base_price, price, discount, tax) VALUES (206, 86, 'iPhone 11', 11000000, 11100000, 110000, 1100000);
INSERT INTO transactions (id, user_id, item_name, base_price, price, discount, tax) VALUES (207, 87, 'iPhone X', 10000000, 11000000, 100000, 1000000);
INSERT INTO transactions (id, user_id, item_name, base_price, price, discount, tax) VALUES (208, 88, 'Asus ROG X', 30000000, 33000000, 200000, 3000000);
INSERT INTO transactions (id, user_id, item_name, base_price, price, discount, tax) VALUES (209, 88, 'Macbook Pro', 25000000, 26000000, 300000, 2500000);
INSERT INTO transactions (id, user_id, item_name, base_price, price, discount, tax) VALUES (210, 88, 'iPhone 12', 12000000, 12200000, 120000, 1200000);
INSERT INTO transactions (id, user_id, item_name, base_price, price, discount, tax) VALUES (211, 88, 'iPhone 11', 11000000, 11100000, 110000, 1100000);
INSERT INTO transactions (id, user_id, item_name, base_price, price, discount, tax) VALUES (212, 88, 'iPhone 12', 12000000, 12200000, 120000, 1200000);
INSERT INTO transactions (id, user_id, item_name, base_price, price, discount, tax) VALUES (213, 89, 'iPhone 12', 12000000, 12200000, 120000, 1200000);
INSERT INTO transactions (id, user_id, item_name, base_price, price, discount, tax) VALUES (214, 89, 'Macbook Pro', 25000000, 26000000, 300000, 2500000);
INSERT INTO transactions (id, user_id, item_name, base_price, price, discount, tax) VALUES (215, 89, 'iPhone 11', 11000000, 11100000, 110000, 1100000);
INSERT INTO transactions (id, user_id, item_name, base_price, price, discount, tax) VALUES (216, 89, 'iPhone 12', 12000000, 12200000, 120000, 1200000);
INSERT INTO transactions (id, user_id, item_name, base_price, price, discount, tax) VALUES (217, 90, 'iPhone 8', 8000000, 8500000, 0, 800000);
INSERT INTO transactions (id, user_id, item_name, base_price, price, discount, tax) VALUES (218, 90, 'iPhone 8', 8000000, 8500000, 0, 800000);
INSERT INTO transactions (id, user_id, item_name, base_price, price, discount, tax) VALUES (219, 90, 'iPhone 11', 11000000, 11100000, 110000, 1100000);
INSERT INTO transactions (id, user_id, item_name, base_price, price, discount, tax) VALUES (220, 91, 'Macbook Pro', 25000000, 26000000, 300000, 2500000);
INSERT INTO transactions (id, user_id, item_name, base_price, price, discount, tax) VALUES (221, 91, 'iPhone X', 10000000, 11000000, 100000, 1000000);
INSERT INTO transactions (id, user_id, item_name, base_price, price, discount, tax) VALUES (222, 92, 'iPhone 12', 12000000, 12200000, 120000, 1200000);
INSERT INTO transactions (id, user_id, item_name, base_price, price, discount, tax) VALUES (223, 92, 'Asus TUF', 20000000, 22000000, 100000, 2000000);
INSERT INTO transactions (id, user_id, item_name, base_price, price, discount, tax) VALUES (224, 92, 'MSI Modern', 18000000, 29000000, 100000, 1800000);
INSERT INTO transactions (id, user_id, item_name, base_price, price, discount, tax) VALUES (225, 93, 'iPhone 11', 11000000, 11100000, 110000, 1100000);
INSERT INTO transactions (id, user_id, item_name, base_price, price, discount, tax) VALUES (226, 93, 'iPhone X', 10000000, 11000000, 100000, 1000000);
INSERT INTO transactions (id, user_id, item_name, base_price, price, discount, tax) VALUES (227, 93, 'iPhone X', 10000000, 11000000, 100000, 1000000);
INSERT INTO transactions (id, user_id, item_name, base_price, price, discount, tax) VALUES (228, 94, 'Macbook Pro', 25000000, 26000000, 300000, 2500000);
INSERT INTO transactions (id, user_id, item_name, base_price, price, discount, tax) VALUES (229, 94, 'iPhone 8', 8000000, 8500000, 0, 800000);
INSERT INTO transactions (id, user_id, item_name, base_price, price, discount, tax) VALUES (230, 94, 'iPhone 11', 11000000, 11100000, 110000, 1100000);
INSERT INTO transactions (id, user_id, item_name, base_price, price, discount, tax) VALUES (231, 94, 'Asus ROG X', 30000000, 33000000, 200000, 3000000);
INSERT INTO transactions (id, user_id, item_name, base_price, price, discount, tax) VALUES (232, 94, 'Asus ROG X', 30000000, 33000000, 200000, 3000000);
INSERT INTO transactions (id, user_id, item_name, base_price, price, discount, tax) VALUES (233, 95, 'MSI Modern', 18000000, 29000000, 100000, 1800000);
INSERT INTO transactions (id, user_id, item_name, base_price, price, discount, tax) VALUES (234, 95, 'Asus TUF', 20000000, 22000000, 100000, 2000000);
INSERT INTO transactions (id, user_id, item_name, base_price, price, discount, tax) VALUES (235, 95, 'iPhone X', 10000000, 11000000, 100000, 1000000);
INSERT INTO transactions (id, user_id, item_name, base_price, price, discount, tax) VALUES (236, 97, 'iPhone 11', 11000000, 11100000, 110000, 1100000);
INSERT INTO transactions (id, user_id, item_name, base_price, price, discount, tax) VALUES (237, 97, 'MSI Modern', 18000000, 29000000, 100000, 1800000);
INSERT INTO transactions (id, user_id, item_name, base_price, price, discount, tax) VALUES (238, 97, 'iPhone X', 10000000, 11000000, 100000, 1000000);
INSERT INTO transactions (id, user_id, item_name, base_price, price, discount, tax) VALUES (239, 97, 'iPhone X', 10000000, 11000000, 100000, 1000000);
INSERT INTO transactions (id, user_id, item_name, base_price, price, discount, tax) VALUES (240, 98, 'Asus TUF', 20000000, 22000000, 100000, 2000000);
INSERT INTO transactions (id, user_id, item_name, base_price, price, discount, tax) VALUES (241, 99, 'Macbook Pro', 25000000, 26000000, 300000, 2500000);
INSERT INTO transactions (id, user_id, item_name, base_price, price, discount, tax) VALUES (242, 99, 'iPhone 12', 12000000, 12200000, 120000, 1200000);
INSERT INTO transactions (id, user_id, item_name, base_price, price, discount, tax) VALUES (243, 99, 'Asus ROG X', 30000000, 33000000, 200000, 3000000);




-- TABLE CAR BRAND
INSERT INTO car_brand (id, brand, country) VALUES (1, 'BMW', 'Germany');
INSERT INTO car_brand (id, brand, country) VALUES (2, 'Tesla', 'USA');
INSERT INTO car_brand (id, brand, country) VALUES (3, 'Ferrari', 'Italy');
INSERT INTO car_brand (id, brand, country) VALUES (4, 'Lamborghini', 'Italy');
INSERT INTO car_brand (id, brand, country) VALUES (5, 'McLaren', 'England');
INSERT INTO car_brand (id, brand, country) VALUES (6, 'Lexus', 'Japan');
INSERT INTO car_brand (id, brand, country) VALUES (7, 'Honda', 'Japan');
INSERT INTO car_brand (id, brand, country) VALUES (8, 'Toyota', 'Japan');
INSERT INTO car_brand (id, brand, country) VALUES (9, 'Hyundai', 'South Korea');
INSERT INTO car_brand (id, brand, country) VALUES (10, 'Wuling', 'China');




-- TABLE CAR
INSERT INTO cars (id, car_brand_id, name, year) VALUES (1, 1, 'i4', 2022);
INSERT INTO cars (id, car_brand_id, name, year) VALUES (2, 1, 'iX', 2022);
INSERT INTO cars (id, car_brand_id, name, year) VALUES (3, 1, 'iX', 2020);
INSERT INTO cars (id, car_brand_id, name, year) VALUES (4, 1, 'X4 M', 2022);
INSERT INTO cars (id, car_brand_id, name, year) VALUES (5, 1, 'X4 M', 2020);
INSERT INTO cars (id, car_brand_id, name, year) VALUES (6, 1, 'Z4', 2019);
INSERT INTO cars (id, car_brand_id, name, year) VALUES (7, 2, 'Model 3', 2020);
INSERT INTO cars (id, car_brand_id, name, year) VALUES (8, 2, 'Model S', 2022);
INSERT INTO cars (id, car_brand_id, name, year) VALUES (9, 2, 'Model S', 2020);
INSERT INTO cars (id, car_brand_id, name, year) VALUES (10, 2, 'Model X', 2021);
INSERT INTO cars (id, car_brand_id, name, year) VALUES (11, 3, '812 GTS', 2020);
INSERT INTO cars (id, car_brand_id, name, year) VALUES (12, 3, '812 GTS', 2022);
INSERT INTO cars (id, car_brand_id, name, year) VALUES (13, 3, 'SF90 Spider', 2020);
INSERT INTO cars (id, car_brand_id, name, year) VALUES (14, 3, 'SF90 Stradale', 2021);
INSERT INTO cars (id, car_brand_id, name, year) VALUES (15, 3, 'Roma', 2022);
INSERT INTO cars (id, car_brand_id, name, year) VALUES (16, 4, 'Aventador', 2018);
INSERT INTO cars (id, car_brand_id, name, year) VALUES (17, 4, 'Aventador', 2021);
INSERT INTO cars (id, car_brand_id, name, year) VALUES (18, 4, 'Huracan', 2020);
INSERT INTO cars (id, car_brand_id, name, year) VALUES (19, 4, 'Huracan', 2022);
INSERT INTO cars (id, car_brand_id, name, year) VALUES (20, 4, 'Urus', 2022);
INSERT INTO cars (id, car_brand_id, name, year) VALUES (21, 5, '570S', 2018);
INSERT INTO cars (id, car_brand_id, name, year) VALUES (22, 5, '720S Spider', 2021);
INSERT INTO cars (id, car_brand_id, name, year) VALUES (23, 5, '720S Spider', 2020);
INSERT INTO cars (id, car_brand_id, name, year) VALUES (24, 5, '540C', 2022);
INSERT INTO cars (id, car_brand_id, name, year) VALUES (25, 5, '570GT', 2022);
INSERT INTO cars (id, car_brand_id, name, year) VALUES (26, 6, 'LS', 2018);
INSERT INTO cars (id, car_brand_id, name, year) VALUES (27, 6, 'LC', 2021);
INSERT INTO cars (id, car_brand_id, name, year) VALUES (28, 6, 'LC', 2020);
INSERT INTO cars (id, car_brand_id, name, year) VALUES (29, 6, 'RX', 2022);
INSERT INTO cars (id, car_brand_id, name, year) VALUES (30, 6, 'NX', 2022);
INSERT INTO cars (id, car_brand_id, name, year) VALUES (31, 7, 'HRV', 2018);
INSERT INTO cars (id, car_brand_id, name, year) VALUES (32, 7, 'Civic Type R', 2021);
INSERT INTO cars (id, car_brand_id, name, year) VALUES (33, 7, 'CRV', 2020);
INSERT INTO cars (id, car_brand_id, name, year) VALUES (34, 7, 'City', 2022);
INSERT INTO cars (id, car_brand_id, name, year) VALUES (35, 7, 'Accord', 2022);
INSERT INTO cars (id, car_brand_id, name, year) VALUES (36, 8, 'Fortuner', 2018);
INSERT INTO cars (id, car_brand_id, name, year) VALUES (37, 8, 'Yaris', 2021);
INSERT INTO cars (id, car_brand_id, name, year) VALUES (38, 8, 'GR Yaris', 2022);
INSERT INTO cars (id, car_brand_id, name, year) VALUES (39, 8, 'GR 86', 2022);
INSERT INTO cars (id, car_brand_id, name, year) VALUES (40, 8, 'Alphard', 2020);
INSERT INTO cars (id, car_brand_id, name, year) VALUES (41, 8, 'Camry', 2022);
INSERT INTO cars (id, car_brand_id, name, year) VALUES (42, 8, 'GR Supra', 2022);
INSERT INTO cars (id, car_brand_id, name, year) VALUES (43, 8, 'CHR Hybrid', 2022);
INSERT INTO cars (id, car_brand_id, name, year) VALUES (44, 9, 'Creta', 2022);
INSERT INTO cars (id, car_brand_id, name, year) VALUES (45, 9, 'Stargazer', 2022);
INSERT INTO cars (id, car_brand_id, name, year) VALUES (46, 9, 'Palisade', 2021);
INSERT INTO cars (id, car_brand_id, name, year) VALUES (47, 9, 'Staria', 2021);
INSERT INTO cars (id, car_brand_id, name, year) VALUES (48, 9, 'Ioniq 5', 2022);
INSERT INTO cars (id, car_brand_id, name, year) VALUES (49, 10, 'Confero', 2017);
INSERT INTO cars (id, car_brand_id, name, year) VALUES (50, 10, 'Almaz', 2021);
INSERT INTO cars (id, car_brand_id, name, year) VALUES (51, 10, 'Cortez', 2019);
INSERT INTO cars (id, car_brand_id, name, year) VALUES (52, 10, 'Confero S', 2018);

-- Hands-On

DROP TABLE user_job;

TRUNCATE TABLE cars;

SELECT * FROM cars;

-- Jika terdapat relasi antar tabel, maka tidak bisa TRUNCATE pada anak tabelnya
-- Perlu dihilangkan dulu relasi/foreign key antar tabel dulu

TRUNCATE TABLE car_brand; 

ALTER TABLE cars
	ADD
	COLUMN is_supercar boolean;

DROP TABLE kelas;

CREATE TABLE kelas (
	id serial NOT NULL,
	name varchar(50) NOT NULL,
	age int NULL,
	gender varchar(10) NOT NULL,
	favorite_food varchar NOT NULL, -- karena jawabannya bisa banyak bangat jadi bisa pakai varchar(max) atau text
	salary int NOT NULL,
	city varchar(100) NOT NULL,
	nationality varchar(100) NOT NULL,
	PRIMARY KEY (id)
);

SELECT * FROM kelas;

DROP TABLE IF EXISTS  users  ;

-- MySQL

DROP TABLE IF EXISTS users ;

CREATE TABLE IF NOT EXISTS users (
  id serial NOT NULL,
  title VARCHAR(100) NOT NULL,
  name VARCHAR(100) NOT NULL,
  gender VARCHAR(10) NOT NULL,
  nin VARCHAR(20) NOT NULL,
  dob timestamp WITH time ZONE NOT NULL,
  games VARCHAR(300) NULL,
  blood_type VARCHAR(100) NULL,
  car_id INT NULL,
  PRIMARY KEY (id));

DROP TABLE IF EXISTS user_job  ;

CREATE TABLE IF NOT EXISTS user_job (
  id serial NOT NULL,
  user_id INT NOT NULL,
  title VARCHAR(100) NOT NULL,
  salary INT NOT NULL,
  PRIMARY KEY (id),
  CONSTRAINT user_job_fkey_user_id 
    FOREIGN KEY (user_id)
    REFERENCES users(id));

CREATE INDEX user_job_fkey_user_id_idx ON user_job (user_id ASC);

SELECT * FROM users;
SELECT * FROM user_job;

DELETE FROM users;
DELETE FROM user_job;

DROP TABLE customer;

CREATE TABLE customer (
	id serial NOT NULL,
	name varchar (50) NOT NULL,
	position varchar(50) NULL,
	income int NULL,
	is_active boolean NOT NULL,
	height int NOT NULL,
	latitude float NULL,
	longitude float NULL,
	PRIMARY KEY (id));

SELECT * FROM customer;
